id,userName,fullName,profilePicUrl,isVerified
57137811224,bangalore_intl_confessions,BIS | Confessions,https://instagram.fblr4-4.fna.fbcdn.net/v/t51.2885-19/318014980_686670712842078_8785516838137226529_n.jpg?stp=dst-jpg_s150x150&_nc_ht=instagram.fblr4-4.fna.fbcdn.net&_nc_cat=106&_nc_ohc=fcNf_Wqo9iUAX9u-xeV&tn=FhJtjmBC5OIOZmJj&edm=AOG-cTkBAAAA&ccb=7-5&oh=00_AfCOlHJKbvvaaRGOuH8IguOs9TqGoBk9TD-ekgf--3GY9g&oe=63942444&_nc_sid=282b66,false
12135165372,harshith2610,Harshith,https://instagram.fblr4-3.fna.fbcdn.net/v/t51.2885-19/316853294_451368127154604_7151489072264509488_n.jpg?stp=dst-jpg_s150x150&_nc_ht=instagram.fblr4-3.fna.fbcdn.net&_nc_cat=100&_nc_ohc=qSqOjEZKFDMAX8HyHL0&tn=FhJtjmBC5OIOZmJj&edm=AOG-cTkBAAAA&ccb=7-5&oh=00_AfAK63Vw87eQaQnDzuf0W4LQEpzJ3PhA4gzqc1h92TiKig&oe=6394362A&_nc_sid=282b66,false
50664225989,nbajayboy_,,https://instagram.fblr4-2.fna.fbcdn.net/v/t51.2885-19/308018430_175330598377951_7824110833928621607_n.jpg?stp=dst-jpg_s150x150&_nc_ht=instagram.fblr4-2.fna.fbcdn.net&_nc_cat=107&_nc_ohc=VFEcCxFDin8AX-sER6E&edm=AOG-cTkBAAAA&ccb=7-5&oh=00_AfBzydabsZdathZdew5WLJLnZC-Q1rfFf73NmJhufkDd7Q&oe=63946599&_nc_sid=282b66,false
44830381072,uhnoprivv,anhoeshkaü¶ù,https://scontent-lga3-1.cdninstagram.com/v/t51.2885-19/44884218_345707102882519_2446069589734326272_n.jpg?_nc_ht=scontent-lga3-1.cdninstagram.com&_nc_cat=1&_nc_ohc=uM88MCE8Dx4AX_Can4q&edm=AJXOVykBAAAA&ccb=7-5&ig_cache_key=YW5vbnltb3VzX3Byb2ZpbGVfcGlj.2-ccb7-5&oh=00_AfCXJ-j16EOV_LxGfWBbY1eeMvezTzgV20QAkrNS1j5X0Q&oe=6394944F&_nc_sid=9c1db7,false
50667441522,eloise.roi_,E. El Kabli | Lifestyle,https://instagram.fblr4-3.fna.fbcdn.net/v/t51.2885-19/255456758_447577433635256_6206375038536931806_n.jpg?stp=dst-jpg_s150x150&_nc_ht=instagram.fblr4-3.fna.fbcdn.net&_nc_cat=108&_nc_ohc=pU-V_Mm_eEYAX-4ZzA8&edm=AOG-cTkBAAAA&ccb=7-5&oh=00_AfDeD8DfVc7xXu1e4EI68hiQgIBrGSgcw4TRcNieTNccNw&oe=639416CA&_nc_sid=282b66,false
9216559606,chetumulti,Chetan,https://instagram.fblr4-3.fna.fbcdn.net/v/t51.2885-19/293315563_145514568131256_7972111279080312982_n.jpg?stp=dst-jpg_s150x150&_nc_ht=instagram.fblr4-3.fna.fbcdn.net&_nc_cat=100&_nc_ohc=Nzfzso2-FMcAX9VazW5&edm=AOG-cTkBAAAA&ccb=7-5&oh=00_AfA-0m1fZcRRetwIpd06P40xnNRP093xXUXsWltp72ZUNQ&oe=6394407E&_nc_sid=282b66,false
3623362875,zara_g_10,zara ‚ù¶,https://instagram.fblr4-1.fna.fbcdn.net/v/t51.2885-19/271857194_457208632528921_8195129740980725937_n.jpg?stp=dst-jpg_s150x150&_nc_ht=instagram.fblr4-1.fna.fbcdn.net&_nc_cat=101&_nc_ohc=75vRJDB1FFoAX9Jor6B&edm=AOG-cTkBAAAA&ccb=7-5&oh=00_AfAQ-013cpAvfQimcezi135tEs942Y5-BUQoO6hM2CXlpw&oe=63940EA6&_nc_sid=282b66,false
40484469746,_3_3_3_vipin_patel_ji_king_,Vipin Patel,https://instagram.fblr4-3.fna.fbcdn.net/v/t51.2885-19/315451622_1316038835863017_1111209522567498129_n.jpg?stp=dst-jpg_s150x150&_nc_ht=instagram.fblr4-3.fna.fbcdn.net&_nc_cat=109&_nc_ohc=j9--3Aya2AMAX91lhVf&edm=AOG-cTkBAAAA&ccb=7-5&oh=00_AfAlixHy-IGZPjB6vY-su2pa13N_kXJ6Salg2eTn7_hQ9g&oe=6394C0AF&_nc_sid=282b66,false
49802817987,gian_adri,Gian Adri,https://instagram.fblr4-4.fna.fbcdn.net/v/t51.2885-19/286674347_1158721794979720_1158303738397224623_n.jpg?stp=dst-jpg_s150x150&_nc_ht=instagram.fblr4-4.fna.fbcdn.net&_nc_cat=104&_nc_ohc=ajvh8UTmwysAX87qQnw&edm=AOG-cTkBAAAA&ccb=7-5&oh=00_AfDPnho4edB_Hc7RvWYkLnCE7Hs9CEiQ9CkwRQsZnT-SWw&oe=6394023D&_nc_sid=282b66,false
37611609302,axl3xx,alex,https://instagram.fblr4-2.fna.fbcdn.net/v/t51.2885-19/300069703_1734269913596455_3365027894390966831_n.jpg?stp=dst-jpg_s150x150&_nc_ht=instagram.fblr4-2.fna.fbcdn.net&_nc_cat=107&_nc_ohc=k2G76Yj0ExgAX-BLqeW&edm=AOG-cTkBAAAA&ccb=7-5&oh=00_AfDrAJYiEsc9rAJgS9RfcNCahLH8zjcEncMll2XupxHLrw&oe=6394E7C9&_nc_sid=282b66,false
42384343159,z4ri4_44,zaria.2,https://instagram.fblr4-1.fna.fbcdn.net/v/t51.2885-19/315350500_8979955355363197_7709562425913212570_n.jpg?stp=dst-jpg_s150x150&_nc_ht=instagram.fblr4-1.fna.fbcdn.net&_nc_cat=101&_nc_ohc=84tbFLRz3agAX_v7ENY&tn=FhJtjmBC5OIOZmJj&edm=AOG-cTkBAAAA&ccb=7-5&oh=00_AfB52wSm-FfXVZoy3CGzc4mqoMX1siKRMwgJ7dI7nAYe0A&oe=6393A96F&_nc_sid=282b66,false
35553225176,amulya_donela,,https://instagram.fblr4-4.fna.fbcdn.net/v/t51.2885-19/317623233_1173276346935520_8239060900902977028_n.jpg?stp=dst-jpg_s150x150&_nc_ht=instagram.fblr4-4.fna.fbcdn.net&_nc_cat=104&_nc_ohc=3WCgTR1Ts5cAX_KWCPB&tn=FhJtjmBC5OIOZmJj&edm=AOG-cTkBAAAA&ccb=7-5&oh=00_AfB8BbtbiNT8V8_7GokAA5Nk_8V8tWnF2oM6vazG0UId4A&oe=63938141&_nc_sid=282b66,false
8931839070,tanish._11,Tanish,https://instagram.fblr4-3.fna.fbcdn.net/v/t51.2885-19/317822480_101002946166285_5542585141099726426_n.jpg?stp=dst-jpg_s150x150&_nc_ht=instagram.fblr4-3.fna.fbcdn.net&_nc_cat=109&_nc_ohc=LNOKpTYv1AcAX-s311G&edm=AOG-cTkBAAAA&ccb=7-5&oh=00_AfAuJsKxIb1imJDSqFUMOrJ0jj2rvAddbYs3dVKdTn-qFA&oe=6393CA56&_nc_sid=282b66,false
49778445735,its_just_ruhan,Ruhan,https://instagram.fblr4-3.fna.fbcdn.net/v/t51.2885-19/312505786_847435262950728_1354761177417927929_n.jpg?stp=dst-jpg_s150x150&_nc_ht=instagram.fblr4-3.fna.fbcdn.net&_nc_cat=100&_nc_ohc=TW3M34OmmtYAX_n5PlL&edm=AOG-cTkBAAAA&ccb=7-5&oh=00_AfDSL2TSpYWk4weNdxsvEgkDqC8d6vxx4ri-WwbbIZUeHQ&oe=63936362&_nc_sid=282b66,false
44169188711,abhinotnowfr,him,https://instagram.fblr4-2.fna.fbcdn.net/v/t51.2885-19/317743675_669114041599301_8125146227129252620_n.jpg?stp=dst-jpg_s150x150&_nc_ht=instagram.fblr4-2.fna.fbcdn.net&_nc_cat=105&_nc_ohc=OASL6YKJxJQAX9bzizk&tn=FhJtjmBC5OIOZmJj&edm=AOG-cTkBAAAA&ccb=7-5&oh=00_AfBfJCm3HJc42jnemQ2VmHWJlXJ6_LUVXS2ZRjPt0_XJFg&oe=63951454&_nc_sid=282b66,false
13834896267,aditi_1074,aditi mangalorkar,https://instagram.fblr4-5.fna.fbcdn.net/v/t51.2885-19/312164608_1148249292434283_7223362039713714624_n.jpg?stp=dst-jpg_s150x150&_nc_ht=instagram.fblr4-5.fna.fbcdn.net&_nc_cat=103&_nc_ohc=4iyj_qqu9k8AX9c8tVi&edm=AOG-cTkBAAAA&ccb=7-5&oh=00_AfDRwDeHvWI-j49W9cJlCo0j__LfZQWTUwAJB_du-AojVw&oe=63939555&_nc_sid=282b66,false
34716295308,m_0nish,,https://instagram.fblr4-2.fna.fbcdn.net/v/t51.2885-19/315228096_203483858804885_335445394940442378_n.jpg?stp=dst-jpg_s150x150&_nc_ht=instagram.fblr4-2.fna.fbcdn.net&_nc_cat=105&_nc_ohc=_q6qwdot_UwAX_zV1-J&edm=AOG-cTkBAAAA&ccb=7-5&oh=00_AfDE59X5MQ3HP6AgeJCAcIpco7zPSpC7u8nDeEX45qLLQQ&oe=6394D1BF&_nc_sid=282b66,false
51713736698,edhardybitch,mish,https://instagram.fblr4-3.fna.fbcdn.net/v/t51.2885-19/318425664_2647457828740052_7056608631217018380_n.jpg?stp=dst-jpg_s150x150&_nc_ht=instagram.fblr4-3.fna.fbcdn.net&_nc_cat=108&_nc_ohc=jLrMK3uNaAUAX9NSQDH&edm=AOG-cTkBAAAA&ccb=7-5&oh=00_AfAwIqV0uS29-YImGDGhjyOtWd6jUioSyEPWIY14pC4hOg&oe=6394CD86&_nc_sid=282b66,false
52721954080,louisse_u,,https://scontent-lga3-1.cdninstagram.com/v/t51.2885-19/44884218_345707102882519_2446069589734326272_n.jpg?_nc_ht=scontent-lga3-1.cdninstagram.com&_nc_cat=1&_nc_ohc=uM88MCE8Dx4AX_Can4q&edm=AJXOVykBAAAA&ccb=7-5&ig_cache_key=YW5vbnltb3VzX3Byb2ZpbGVfcGlj.2-ccb7-5&oh=00_AfCXJ-j16EOV_LxGfWBbY1eeMvezTzgV20QAkrNS1j5X0Q&oe=6394944F&_nc_sid=9c1db7,false
54974220887,adamm.gw,Adam Wright,https://instagram.fblr4-5.fna.fbcdn.net/v/t51.2885-19/299609061_444953680981403_3984131776030844564_n.jpg?stp=dst-jpg_s150x150&_nc_ht=instagram.fblr4-5.fna.fbcdn.net&_nc_cat=111&_nc_ohc=yEt1NJYmLQAAX_1a18n&edm=AOG-cTkBAAAA&ccb=7-5&oh=00_AfCRij8L7Uf39Hzw3sgGhrKWF5baGyk4LUzfjNX0DiVaJg&oe=6394F0D1&_nc_sid=282b66,false
7978815310,nitinsriram13,nitin sriram,https://instagram.fblr4-3.fna.fbcdn.net/v/t51.2885-19/245694724_595474328554664_6394644698712322429_n.jpg?stp=dst-jpg_s150x150&_nc_ht=instagram.fblr4-3.fna.fbcdn.net&_nc_cat=108&_nc_ohc=abFJiO3JyZYAX9UHgKB&edm=AOG-cTkBAAAA&ccb=7-5&oh=00_AfCEXY9x0JCr_iLIzFU8K8UcSQ8ZDfz7LKmQDTKRPlDizw&oe=63945CDC&_nc_sid=282b66,false
56035107945,its_adit_bruhhh,Adit Anand üéßü§ôü§ü,https://instagram.fblr4-5.fna.fbcdn.net/v/t51.2885-19/306922038_638346197782166_8848705850281742723_n.jpg?stp=dst-jpg_s150x150&_nc_ht=instagram.fblr4-5.fna.fbcdn.net&_nc_cat=102&_nc_ohc=0W6DtZjRZkcAX8Si92j&edm=AOG-cTkBAAAA&ccb=7-5&oh=00_AfC_Jzd5lgaQRiWOeV8ad_GEj2XgFGL7FETvosaeqEgLcA&oe=639356C2&_nc_sid=282b66,false
8313345745,alexjohnfx,Alex John,https://instagram.fblr4-4.fna.fbcdn.net/v/t51.2885-19/310737459_860371221621582_4334816759454445674_n.jpg?stp=dst-jpg_s150x150&_nc_ht=instagram.fblr4-4.fna.fbcdn.net&_nc_cat=106&_nc_ohc=6POpNONrngwAX-rV-3A&edm=AOG-cTkBAAAA&ccb=7-5&oh=00_AfD8Qwmti6LK2L4wHG1MJeNuhdU5rkFz29rB8stXrijwLQ&oe=63943A37&_nc_sid=282b66,false
52638551501,adeev1515,Adeevvirmani,https://instagram.fblr4-3.fna.fbcdn.net/v/t51.2885-19/295368077_1364570357385768_4133475325455394893_n.jpg?stp=dst-jpg_s150x150&_nc_ht=instagram.fblr4-3.fna.fbcdn.net&_nc_cat=100&_nc_ohc=bUkHINBZaRkAX8hqysg&edm=AOG-cTkBAAAA&ccb=7-5&oh=00_AfCx3-ZfuESK1f2AAJMOvflP84NNNh9uNy6Ey_4FXyT1nQ&oe=6393EBD1&_nc_sid=282b66,false
39418162377,mish4kaushik,,https://instagram.fblr4-5.fna.fbcdn.net/v/t51.2885-19/316874703_684804529664663_1034882035558424972_n.jpg?stp=dst-jpg_s150x150&_nc_ht=instagram.fblr4-5.fna.fbcdn.net&_nc_cat=111&_nc_ohc=BdtmYnRkbpIAX927ACp&edm=AOG-cTkBAAAA&ccb=7-5&oh=00_AfDi2I1z3kjodiWtfgD7nO1feyim7PKoIhI6mzaLAQoSlQ&oe=6394339A&_nc_sid=282b66,false
38920672348,embelyd,Emblyd,https://instagram.fblr4-3.fna.fbcdn.net/v/t51.2885-19/75397783_1483560438472413_8145954677019304937_n.jpg?stp=dst-jpg_s150x150&_nc_ht=instagram.fblr4-3.fna.fbcdn.net&_nc_cat=109&_nc_ohc=PFG_WooYgzcAX_mvb1R&tn=FhJtjmBC5OIOZmJj&edm=AOG-cTkBAAAA&ccb=7-5&oh=00_AfA4RQ0ahgK29OZy3UoAY5GgsqVTmtHJpIMjXYn34XHeDg&oe=63937EA0&_nc_sid=282b66,false
1100490746,yogeshkanderiya,Yogesh Kanderiya,https://instagram.fblr4-5.fna.fbcdn.net/v/t51.2885-19/121447505_182415666818579_2867712926232189984_n.jpg?stp=dst-jpg_s150x150&_nc_ht=instagram.fblr4-5.fna.fbcdn.net&_nc_cat=111&_nc_ohc=LoABw9pHj3kAX_fBUBb&edm=AOG-cTkBAAAA&ccb=7-5&oh=00_AfC79p-hAUl1kO45JxuiztpAhtwpDanghgEqNQMXCZTWOg&oe=6395080C&_nc_sid=282b66,false
35079258652,_.nidhisrinivas,nidhiii üß∏,https://instagram.fblr4-2.fna.fbcdn.net/v/t51.2885-19/315742567_663786058635943_4034808555038116576_n.jpg?stp=dst-jpg_s150x150&_nc_ht=instagram.fblr4-2.fna.fbcdn.net&_nc_cat=107&_nc_ohc=IvDykI8TlRMAX8TY848&edm=AOG-cTkBAAAA&ccb=7-5&oh=00_AfCSzwpYvI2whum_G4MXuuCiyCdJNhzm1zxrCfVdeU2q1g&oe=6393C794&_nc_sid=282b66,false
50753798789,lavanya.sharma2006,Lavanya Sharma,https://instagram.fblr4-3.fna.fbcdn.net/v/t51.2885-19/312064632_1158341648430660_691229038185914082_n.jpg?stp=dst-jpg_s150x150&_nc_ht=instagram.fblr4-3.fna.fbcdn.net&_nc_cat=100&_nc_ohc=ZTdweGnIWzoAX93POpt&edm=AOG-cTkBAAAA&ccb=7-5&oh=00_AfCOmPPqoxEr2K_y4bsQH-tUsWrfR1AoUPWQCtN-gVeIbA&oe=63938B9C&_nc_sid=282b66,false
52654809591,bella.zof,B. Narkaj | Deejay,https://instagram.fblr4-5.fna.fbcdn.net/v/t51.2885-19/277240100_1026600571261083_5965852650433034105_n.jpg?stp=dst-jpg_s150x150&_nc_ht=instagram.fblr4-5.fna.fbcdn.net&_nc_cat=103&_nc_ohc=j61DDkiEXxQAX83LbaR&edm=AOG-cTkBAAAA&ccb=7-5&oh=00_AfCW2AcYoIEm0Fmo72RgLVQDntjUtCQakUxBb1AeCWuRQA&oe=6394741C&_nc_sid=282b66,false
23207949419,stfu.rana_7788,shh,https://instagram.fblr4-3.fna.fbcdn.net/v/t51.2885-19/316354500_3412910395697697_5887147061327861253_n.jpg?stp=dst-jpg_s150x150&_nc_ht=instagram.fblr4-3.fna.fbcdn.net&_nc_cat=109&_nc_ohc=Ilj5uoqvqCsAX_gytcA&edm=AOG-cTkBAAAA&ccb=7-5&oh=00_AfAHyL-XJCgtpWq7zc4a7Ms2avwOWFgJF-fj5e-uuPcxtw&oe=63944873&_nc_sid=282b66,false
51134913699,kennypaton_six_chaba,Kenny Paton January,https://instagram.fblr4-4.fna.fbcdn.net/v/t51.2885-19/280286486_171276801987508_278042016546837485_n.jpg?stp=dst-jpg_s150x150&_nc_ht=instagram.fblr4-4.fna.fbcdn.net&_nc_cat=104&_nc_ohc=FK_z2QznA9UAX8YWkrD&edm=AOG-cTkBAAAA&ccb=7-5&oh=00_AfD-CgcmUvOBKYe1bm0z45Q3BfVWakwZFOpt6KHVOd3-1Q&oe=63939B91&_nc_sid=282b66,false
25104105908,nobiaaah,,https://instagram.fblr4-4.fna.fbcdn.net/v/t51.2885-19/318033928_653333562961252_62003990046087378_n.jpg?stp=dst-jpg_s150x150&_nc_ht=instagram.fblr4-4.fna.fbcdn.net&_nc_cat=104&_nc_ohc=kycIZVzISIoAX8YK1lD&edm=AOG-cTkBAAAA&ccb=7-5&oh=00_AfDm0p8gUJTP3vr92whISqzEHGDhXwqs88dEhCuukaN_NA&oe=6394D033&_nc_sid=282b66,false
54510661878,parinita_gaur,Parinita Gaur,https://instagram.fblr4-2.fna.fbcdn.net/v/t51.2885-19/295787007_618381269556442_6403530908033560259_n.jpg?stp=dst-jpg_s150x150&_nc_ht=instagram.fblr4-2.fna.fbcdn.net&_nc_cat=110&_nc_ohc=aEW8dM4UzqMAX8XoSVf&tn=FhJtjmBC5OIOZmJj&edm=AOG-cTkBAAAA&ccb=7-5&oh=00_AfCDbCOtz4I5fkzl-tTdtaAL84k7OrRaJeJC6pwnhPF-Hw&oe=63946350&_nc_sid=282b66,false
3119904369,ahmed_._19.1,Ahmed19,https://instagram.fblr4-5.fna.fbcdn.net/v/t51.2885-19/308880688_478490247499595_6132033544243399214_n.jpg?stp=dst-jpg_s150x150&_nc_ht=instagram.fblr4-5.fna.fbcdn.net&_nc_cat=111&_nc_ohc=8bE3X4VJHtAAX8WDhu0&edm=AOG-cTkBAAAA&ccb=7-5&oh=00_AfBh_UeMqau-nodWfhLdgqv55rsUxcymkNPYYFDkE0Ljhg&oe=639349FA&_nc_sid=282b66,false
4103361863,gravitty_mung,Kemar Grey,https://instagram.fblr4-3.fna.fbcdn.net/v/t51.2885-19/306990532_139987018755156_3505183089927695_n.jpg?stp=dst-jpg_s150x150&_nc_ht=instagram.fblr4-3.fna.fbcdn.net&_nc_cat=100&_nc_ohc=AraRzZGA55cAX-9xnav&edm=AOG-cTkBAAAA&ccb=7-5&oh=00_AfDHoAzfSImvZmGX7zJDRlcdTn-mJ9g8RKE7qm4VqecPOw&oe=639340C4&_nc_sid=282b66,false
19737033684,abhir_13_,abhi,https://instagram.fblr4-4.fna.fbcdn.net/v/t51.2885-19/209611326_272418707987620_385069519974204039_n.jpg?stp=dst-jpg_s150x150&_nc_ht=instagram.fblr4-4.fna.fbcdn.net&_nc_cat=104&_nc_ohc=E-tKQs2zQ6AAX9jFb7i&edm=AOG-cTkBAAAA&ccb=7-5&oh=00_AfArno5AIIFen1Lnugv3mCHwJNo3GepOLeyBQr_HPZhpew&oe=6393DD92&_nc_sid=282b66,false
55344290465,manyaaaaa_18,Manya Chidananda,https://instagram.fblr4-5.fna.fbcdn.net/v/t51.2885-19/317597004_204414848783847_7874639761242987686_n.jpg?stp=dst-jpg_s150x150&_nc_ht=instagram.fblr4-5.fna.fbcdn.net&_nc_cat=103&_nc_ohc=WXC_jj5wHQoAX9zbXSK&tn=FhJtjmBC5OIOZmJj&edm=AOG-cTkBAAAA&ccb=7-5&oh=00_AfAQKFSTrulpA6-syCoSKJixzZWhEJbKCmGLdNV7XRrcvQ&oe=639372E8&_nc_sid=282b66,false
53635176559,shushkeeb,Sukeeeebü¶ã,https://instagram.fblr4-5.fna.fbcdn.net/v/t51.2885-19/301982279_659084492306714_4665742770920410989_n.jpg?stp=dst-jpg_s150x150&_nc_ht=instagram.fblr4-5.fna.fbcdn.net&_nc_cat=102&_nc_ohc=_g-_Y_Rt9IIAX-O8DDK&edm=AOG-cTkBAAAA&ccb=7-5&oh=00_AfD1GbkMxsf24CWKjwAVeCCCRkocVq3q-XgH3uN3TXSaEQ&oe=63937E57&_nc_sid=282b66,false
54388042379,ahmed.eth.19,slatt,https://instagram.fblr4-2.fna.fbcdn.net/v/t51.2885-19/308450039_793147721777957_3841624858119856009_n.jpg?stp=dst-jpg_s150x150&_nc_ht=instagram.fblr4-2.fna.fbcdn.net&_nc_cat=105&_nc_ohc=UZlH9Vgnfv0AX_BH4jl&edm=AOG-cTkBAAAA&ccb=7-5&oh=00_AfBdRIiwohmejNqOFb1WLTmy-N_nvt1y03Tae3arIenG5Q&oe=6394EB4A&_nc_sid=282b66,false
6870428534,vibodh2006,Arya,https://instagram.fblr4-3.fna.fbcdn.net/v/t51.2885-19/299029984_101664925973937_9022261289998730096_n.jpg?stp=dst-jpg_s150x150&_nc_ht=instagram.fblr4-3.fna.fbcdn.net&_nc_cat=109&_nc_ohc=vFSgYkeJFLMAX82lXY1&edm=AOG-cTkBAAAA&ccb=7-5&oh=00_AfCzv9hIJWPLvGnGJ79UWqNAeM0o7MHhLk8lxUC1wXJmDA&oe=63938A21&_nc_sid=282b66,false
25752613334,brainavincip,Braina,https://instagram.fblr4-5.fna.fbcdn.net/v/t51.2885-19/300519686_579634667171018_6898718782273030311_n.jpg?stp=dst-jpg_s150x150&_nc_ht=instagram.fblr4-5.fna.fbcdn.net&_nc_cat=102&_nc_ohc=FtcKgQbSR5IAX8vgGrT&edm=AOG-cTkBAAAA&ccb=7-5&oh=00_AfAcBJxF_UTdchBx32pDqwu3lVqIMKMkEKhXFr7Q73YijA&oe=6394571D&_nc_sid=282b66,false
49991930285,suskeeb,shakeeb soofi,https://instagram.fblr4-1.fna.fbcdn.net/v/t51.2885-19/302425119_463896959119249_1658309675306625829_n.jpg?stp=dst-jpg_s150x150&_nc_ht=instagram.fblr4-1.fna.fbcdn.net&_nc_cat=101&_nc_ohc=2mW4g33aQpsAX8HuZet&edm=AOG-cTkBAAAA&ccb=7-5&oh=00_AfAU5uzWC4L8vHZoK800oXJ4cYOU-8-P9ZqPsK3I6_zEvA&oe=639499FE&_nc_sid=282b66,false
21462980655,pizza_time_memez,Mobey Taguire,https://instagram.fblr4-2.fna.fbcdn.net/v/t51.2885-19/70934609_952591111755562_7030707690837901312_n.jpg?stp=dst-jpg_s150x150&_nc_ht=instagram.fblr4-2.fna.fbcdn.net&_nc_cat=110&_nc_ohc=Z_ebNLUwy6cAX9QRGe9&tn=FhJtjmBC5OIOZmJj&edm=AOG-cTkBAAAA&ccb=7-5&oh=00_AfD8jJDuiGtmL5XoWVct-VawqsHAMqBuUC-0MrrXpecpJQ&oe=6393D4DE&_nc_sid=282b66,false
51012386196,ronnie.batta,Ruhaan Batta,https://instagram.fblr4-2.fna.fbcdn.net/v/t51.2885-19/313478565_1290253978477027_7975489775344039828_n.jpg?stp=dst-jpg_s150x150&_nc_ht=instagram.fblr4-2.fna.fbcdn.net&_nc_cat=107&_nc_ohc=tR3DTenIpTUAX-Z5KVd&tn=FhJtjmBC5OIOZmJj&edm=AOG-cTkBAAAA&ccb=7-5&oh=00_AfDmF2nHzSH1dMmm3Sc90A3tXgAg4RaWeCIQOGA7csGvbw&oe=63943FA1&_nc_sid=282b66,false
49852189965,its._.anis.__,üî±√ÉNƒÆS//ÿ£ŸÜŸäÿ≥‚ùÑÔ∏è‚ú®,https://instagram.fblr4-4.fna.fbcdn.net/v/t51.2885-19/276978118_643438040357742_6062580237942500190_n.jpg?stp=dst-jpg_s150x150&_nc_ht=instagram.fblr4-4.fna.fbcdn.net&_nc_cat=106&_nc_ohc=rcFSGqCyFFUAX-i0A5E&edm=AOG-cTkBAAAA&ccb=7-5&oh=00_AfCaospPOVaZoqw8Ooq0978rDhhfrzIEd7teszLaLFQokA&oe=63938810&_nc_sid=282b66,false
44584973717,samsfotodumps,sam,https://instagram.fblr4-5.fna.fbcdn.net/v/t51.2885-19/277957210_152252237272079_252181920301874710_n.jpg?stp=dst-jpg_s150x150&_nc_ht=instagram.fblr4-5.fna.fbcdn.net&_nc_cat=111&_nc_ohc=E_VIv1CkraUAX9z41qi&edm=AOG-cTkBAAAA&ccb=7-5&oh=00_AfCagrusZ0HSk0_n50xKo71PDct4dzazVWFYW1-PEOfLRQ&oe=6393C424&_nc_sid=282b66,false
39403840666,rahul_2006_reddy,Rahul Reddy,https://instagram.fblr4-1.fna.fbcdn.net/v/t51.2885-19/316217797_695281048693465_6970856448822703207_n.jpg?stp=dst-jpg_s150x150&_nc_ht=instagram.fblr4-1.fna.fbcdn.net&_nc_cat=101&_nc_ohc=CQmBLZZd0DUAX9Z7Gg5&edm=AOG-cTkBAAAA&ccb=7-5&oh=00_AfDf3lABsL7Bi07A-HGQPnP7AQcWAmezkH0olKF8QqXjNA&oe=63949CE9&_nc_sid=282b66,false
51786906525,n1shka96,nishkaü§ç,https://instagram.fblr4-2.fna.fbcdn.net/v/t51.2885-19/316443887_825009692060525_5202270595002908072_n.jpg?stp=dst-jpg_s150x150&_nc_ht=instagram.fblr4-2.fna.fbcdn.net&_nc_cat=105&_nc_ohc=2DSAhaK3fdMAX-Zh11G&edm=AOG-cTkBAAAA&ccb=7-5&oh=00_AfAJNf-8ngeeo0ZGFwh4gPXSopPjZ78jNM9E5SV6xnFn8g&oe=6394FD21&_nc_sid=282b66,false
49119407082,kiara.djz,K. Hemby | Artist,https://instagram.fblr4-5.fna.fbcdn.net/v/t51.2885-19/241482259_122169353491659_2730742935877705248_n.jpg?stp=dst-jpg_s150x150&_nc_ht=instagram.fblr4-5.fna.fbcdn.net&_nc_cat=103&_nc_ohc=eaaCbxPyHMkAX8LDBab&edm=AOG-cTkBAAAA&ccb=7-5&oh=00_AfDYLcVTmYPKUYFeVgtmltcolhK6CYkn32HDz0_6aze0hA&oe=639500AB&_nc_sid=282b66,false
2354329796,rhiaaanxyz,Ri Miranda,https://instagram.fblr4-4.fna.fbcdn.net/v/t51.2885-19/318155558_840065940372928_4171936897445887123_n.jpg?stp=dst-jpg_s150x150&_nc_ht=instagram.fblr4-4.fna.fbcdn.net&_nc_cat=104&_nc_ohc=-xX-ZG0o4MkAX8rpUc6&edm=AOG-cTkBAAAA&ccb=7-5&oh=00_AfA6ToBm1nGE-Bzu_1QiGXfeWr1urbEraYrNzKzfO1NOAQ&oe=63947D07&_nc_sid=282b66,false
53660242227,dhyan_kannoth,Dhyan Kannoth,https://instagram.fblr4-5.fna.fbcdn.net/v/t51.2885-19/314476634_489044336526231_5093472308204410914_n.jpg?stp=dst-jpg_s150x150&_nc_ht=instagram.fblr4-5.fna.fbcdn.net&_nc_cat=103&_nc_ohc=oCEeItA2qlQAX_c1Mn8&edm=AOG-cTkBAAAA&ccb=7-5&oh=00_AfCMO0mcpCAi5IQvYjbB60jHV5G2A6Ayb6iNg0nFFTXSOA&oe=63947618&_nc_sid=282b66,false
55286639575,norayatan,Noraya Tan,https://instagram.fblr4-5.fna.fbcdn.net/v/t51.2885-19/306633878_1154947191900278_4591320682310959406_n.jpg?stp=dst-jpg_s150x150&_nc_ht=instagram.fblr4-5.fna.fbcdn.net&_nc_cat=102&_nc_ohc=iTGFfnxXzUEAX8GVHQA&edm=AOG-cTkBAAAA&ccb=7-5&oh=00_AfCD2qqQwE3D9uJxPhCKLRHP5YzHaaT8JBSaKD8OZGKRZw&oe=63940370&_nc_sid=282b66,false
53194075769,sahasb_14,sahas,https://instagram.fblr4-3.fna.fbcdn.net/v/t51.2885-19/307011089_459749399418068_1001242689120084778_n.jpg?stp=dst-jpg_s150x150&_nc_ht=instagram.fblr4-3.fna.fbcdn.net&_nc_cat=108&_nc_ohc=NbQCaMQF88IAX9M-Hht&edm=AOG-cTkBAAAA&ccb=7-5&oh=00_AfB__ODkTUqsLKYgCbULQ66aUNH6zj6fSfhtB009sXviWQ&oe=639441A4&_nc_sid=282b66,false
47161914478,funny_meme_only_com,Meme.com,https://instagram.fblr4-2.fna.fbcdn.net/v/t51.2885-19/274729515_1290704874756910_7304711758581683456_n.jpg?stp=dst-jpg_s150x150&_nc_ht=instagram.fblr4-2.fna.fbcdn.net&_nc_cat=110&_nc_ohc=AqCIpebc1pIAX8hcvQz&tn=FhJtjmBC5OIOZmJj&edm=AOG-cTkBAAAA&ccb=7-5&oh=00_AfCVnZRrugxeWqRfTTYw7FyvZTk6Ulx3H5sKSz6tBZPR_g&oe=6393C928&_nc_sid=282b66,false
33186770293,zync_memes,Zynked üññ,https://instagram.fblr4-2.fna.fbcdn.net/v/t51.2885-19/252375052_574476733636147_4449505979238518654_n.jpg?stp=dst-jpg_s150x150&_nc_ht=instagram.fblr4-2.fna.fbcdn.net&_nc_cat=1&_nc_ohc=Pd6qZqczQ-IAX-QaOpH&edm=AOG-cTkBAAAA&ccb=7-5&oh=00_AfD3ShEgr5qz-w5fVWMEQIoyyP621wTuYbcL7_nUv5y8Qg&oe=6393E542&_nc_sid=282b66,false
54964860798,aqsyd551,ÿ≤ŸÜ Ÿáÿß€å ÿ®ÿß ÿ≤€å⁄Øÿ±,https://instagram.fblr4-3.fna.fbcdn.net/v/t51.2885-19/306239315_577658294041824_3124966598960229068_n.jpg?stp=dst-jpg_s150x150&_nc_ht=instagram.fblr4-3.fna.fbcdn.net&_nc_cat=100&_nc_ohc=SWrltBaYdoUAX_R660l&edm=AOG-cTkBAAAA&ccb=7-5&oh=00_AfC9awypJ-fZr5TEZ-8E6TI6Jq3l-VVChBL3uVDgt_j-vA&oe=6393F08C&_nc_sid=282b66,false
48399713058,ruhaan.batta_9804,,https://instagram.fkul19-2.fna.fbcdn.net/v/t51.2885-19/44884218_345707102882519_2446069589734326272_n.jpg?_nc_ad=z-m&_nc_ht=instagram.fkul19-2.fna.fbcdn.net&_nc_cat=1&_nc_ohc=uM88MCE8Dx4AX9TcKS_&edm=AJ9x6zYBAAAA&ccb=7-5&ig_cache_key=YW5vbnltb3VzX3Byb2ZpbGVfcGlj.2-ccb7-5&oh=00_AfAhjwWds_n_bCySwgeWEO-2KKKNnHHTGafGuYGdxDjfUg&oe=6394944F&_nc_sid=cff2a4,false
12741993460,just_aryy12,,https://instagram.fblr4-2.fna.fbcdn.net/v/t51.2885-19/317164661_117840311142137_5934126284783623654_n.jpg?stp=dst-jpg_s150x150&_nc_ht=instagram.fblr4-2.fna.fbcdn.net&_nc_cat=105&_nc_ohc=NOmvZyR6K-kAX8ApZlw&edm=AOG-cTkBAAAA&ccb=7-5&oh=00_AfB1gtTEiwinQ49riOKwTK2iSWDKcazODennDFXbp2ZT-Q&oe=6393A38B&_nc_sid=282b66,false
5577138814,sairachandavarkar,saira,https://instagram.fblr4-4.fna.fbcdn.net/v/t51.2885-19/311181299_635177344744758_1443692331343299242_n.jpg?stp=dst-jpg_s150x150&_nc_ht=instagram.fblr4-4.fna.fbcdn.net&_nc_cat=106&_nc_ohc=2ESj_aOzan4AX-PDd2h&edm=AOG-cTkBAAAA&ccb=7-5&oh=00_AfCzVhUSXuvgjqJyGBY-J0xom2_6AfhfMGJTvJzcWYdoeQ&oe=639518F8&_nc_sid=282b66,false
51950988338,agasthya_gowda24,Agasthya Gowda,https://instagram.fblr4-2.fna.fbcdn.net/v/t51.2885-19/317861560_456591043292611_7139628318665045422_n.jpg?stp=dst-jpg_s150x150&_nc_ht=instagram.fblr4-2.fna.fbcdn.net&_nc_cat=107&_nc_ohc=i3fciwtEwkoAX8IPM70&edm=AOG-cTkBAAAA&ccb=7-5&oh=00_AfBU6btMkbmiDDC9Lg7Iijn8egGa2GiuUYEFhgtNT0j0uA&oe=6393CCFD&_nc_sid=282b66,false
44079727590,kritica.menon,kritica,https://instagram.fblr4-5.fna.fbcdn.net/v/t51.2885-19/315788470_715043192835278_338284724633314534_n.jpg?stp=dst-jpg_s150x150&_nc_ht=instagram.fblr4-5.fna.fbcdn.net&_nc_cat=102&_nc_ohc=9L0cpc9TVnoAX9-fWni&edm=AOG-cTkBAAAA&ccb=7-5&oh=00_AfCbexlO1h4SFaJG0pQLLG_k9PK4renOSDjanCy7igNy2g&oe=63936656&_nc_sid=282b66,false
9417168417,anidude30,Anirudh Narendran,https://instagram.fblr4-3.fna.fbcdn.net/v/t51.2885-19/299895970_3336190736658765_136739925146446729_n.jpg?stp=dst-jpg_s150x150&_nc_ht=instagram.fblr4-3.fna.fbcdn.net&_nc_cat=109&_nc_ohc=_NRYz0LhrEkAX-1HnTI&edm=AOG-cTkBAAAA&ccb=7-5&oh=00_AfAMW6ojqYYESVuE4STZNgUzqEYV514-t-V9klAOCoVGBA&oe=63949BCD&_nc_sid=282b66,false
49238131626,pranavvenkatathreya,Pranav Venkat Athreya,https://instagram.fblr4-2.fna.fbcdn.net/v/t51.2885-19/287076965_482006173486654_7881109379461374877_n.jpg?stp=dst-jpg_s150x150&_nc_ht=instagram.fblr4-2.fna.fbcdn.net&_nc_cat=110&_nc_ohc=3lmsLMxbMoMAX-NKr4Q&tn=FhJtjmBC5OIOZmJj&edm=AOG-cTkBAAAA&ccb=7-5&oh=00_AfCEOeF6M6r3Xi9ENBGT8ZqOpwzc-FsAWHkCn4zTheF9ZQ&oe=6394952A&_nc_sid=282b66,false
55018998036,kingofmasculinity,King Of Masculinityüëë,https://instagram.fblr4-2.fna.fbcdn.net/v/t51.2885-19/301308677_477795237549005_4042488945170312706_n.jpg?stp=dst-jpg_s150x150&_nc_ht=instagram.fblr4-2.fna.fbcdn.net&_nc_cat=105&_nc_ohc=0tkth6p8BX4AX9AkzEW&tn=FhJtjmBC5OIOZmJj&edm=AOG-cTkBAAAA&ccb=7-5&oh=00_AfAtcj3hmIYk7854iKxq_JhtgiV5DgZvRwc8TtF-cboflw&oe=63938BC7&_nc_sid=282b66,false
1571373862,_.ulunn._,~ Ulun ~,https://instagram.fblr4-3.fna.fbcdn.net/v/t51.2885-19/294290493_411251510954505_8899927716693218651_n.jpg?stp=dst-jpg_s150x150&_nc_ht=instagram.fblr4-3.fna.fbcdn.net&_nc_cat=109&_nc_ohc=CT3lcjeUqCMAX9HF8IU&edm=AOG-cTkBAAAA&ccb=7-5&oh=00_AfD1CDKOXSotpvzhGwE2jZucOLfz3EK004-6HHaWPRYQLA&oe=6393C830&_nc_sid=282b66,false
49326971203,advait.kalayil,Advait Kalayil,https://instagram.fblr4-1.fna.fbcdn.net/v/t51.2885-19/315610456_105213902363461_8353822367784387347_n.jpg?stp=dst-jpg_s150x150&_nc_ht=instagram.fblr4-1.fna.fbcdn.net&_nc_cat=101&_nc_ohc=WtYQ19hCZVMAX8dkiEt&edm=AOG-cTkBAAAA&ccb=7-5&oh=00_AfD-BwKEyzFcug9UVn3vIzITFm-YQwHedGVahsJALoZmiQ&oe=63938DA7&_nc_sid=282b66,false
52570177177,arjun_kartikk,Arjun,https://instagram.fblr4-3.fna.fbcdn.net/v/t51.2885-19/312917153_1543207769446884_6218362689219644399_n.jpg?stp=dst-jpg_s150x150&_nc_ht=instagram.fblr4-3.fna.fbcdn.net&_nc_cat=100&_nc_ohc=Yn0HCczoR1YAX_5A3VH&edm=AOG-cTkBAAAA&ccb=7-5&oh=00_AfAW7LbWCiQMM9COCLQIxemuevzDyHaxRvG_5BsbTYlfBA&oe=639506F2&_nc_sid=282b66,false
54498041982,sar__priv2,Prateek,https://instagram.fblr4-2.fna.fbcdn.net/v/t51.2885-19/317763664_175640115088078_4624848794469756089_n.jpg?stp=dst-jpg_s150x150&_nc_ht=instagram.fblr4-2.fna.fbcdn.net&_nc_cat=110&_nc_ohc=mMxpmLwf7c4AX8mvQVH&tn=FhJtjmBC5OIOZmJj&edm=AOG-cTkBAAAA&ccb=7-5&oh=00_AfDcMuGPdB0ZFPYEAJ0siCXISRF_3QQUCnNktYk7DGPAvA&oe=6393A331&_nc_sid=282b66,false
55048376343,ryan_priv279,Ryan,https://instagram.fblr4-5.fna.fbcdn.net/v/t51.2885-19/300443310_1489355431583831_879238659190893319_n.jpg?stp=dst-jpg_s150x150&_nc_ht=instagram.fblr4-5.fna.fbcdn.net&_nc_cat=111&_nc_ohc=z79Od_YjfZ0AX8eFLm8&edm=AOG-cTkBAAAA&ccb=7-5&oh=00_AfD0QEiWFFkjARnPYMFPWNQ1suW32gsLRqOqIxDPFDNJqg&oe=63943501&_nc_sid=282b66,false
7584129674,aryanb_x,aryan,https://instagram.fblr4-2.fna.fbcdn.net/v/t51.2885-19/315111651_467010008750167_4046903456715659575_n.jpg?stp=dst-jpg_s150x150&_nc_ht=instagram.fblr4-2.fna.fbcdn.net&_nc_cat=107&_nc_ohc=PT4JLjRYjxYAX9PlKZz&edm=AOG-cTkBAAAA&ccb=7-5&oh=00_AfBf1EQgPAiCjd7wzR2aziAJ2WfMiCC7VY9JFXNSRuyWcA&oe=6393DA6E&_nc_sid=282b66,false
50339402393,nightg4rden,alexander ‚ô°,https://instagram.fbdo1-1.fna.fbcdn.net/v/t51.2885-19/44884218_345707102882519_2446069589734326272_n.jpg?_nc_ht=instagram.fbdo1-1.fna.fbcdn.net&_nc_cat=1&_nc_ohc=uM88MCE8Dx4AX_dy3l3&edm=ABmJApABAAAA&ccb=7-5&ig_cache_key=YW5vbnltb3VzX3Byb2ZpbGVfcGlj.2-ccb7-5&oh=00_AfDWg2eIP4uBrSgyj9qkhTONeEAfbPkwgXsgOWSEjYXrCA&oe=6394944F&_nc_sid=6136e7,false
27028574703,jaisimha460,jaisimha,https://instagram.fblr4-5.fna.fbcdn.net/v/t51.2885-19/312394966_1509400976193170_5395732159640370201_n.jpg?stp=dst-jpg_s150x150&_nc_ht=instagram.fblr4-5.fna.fbcdn.net&_nc_cat=102&_nc_ohc=_foYcxoIx_kAX_38ecf&edm=AOG-cTkBAAAA&ccb=7-5&oh=00_AfDHrkosY4CBCR7U72cCfgjGjVkQ7E2RhsCeIGdUinwL9A&oe=6394584E&_nc_sid=282b66,false
18666255545,aadi_bb13,Aaditya Bhattbhatt,https://instagram.fblr4-3.fna.fbcdn.net/v/t51.2885-19/312610573_434872558591388_457026338297870820_n.jpg?stp=dst-jpg_s150x150&_nc_ht=instagram.fblr4-3.fna.fbcdn.net&_nc_cat=108&_nc_ohc=2ETXxl0XC8kAX9HPwsd&edm=AOG-cTkBAAAA&ccb=7-5&oh=00_AfBwz31DpY5AykPpa1xlR9K75ZPqrxohlURyGg3qGvc0_w&oe=6394A79B&_nc_sid=282b66,false
6060304347,abh1nav7,abhinav,https://instagram.fblr4-5.fna.fbcdn.net/v/t51.2885-19/313029241_1340940146678951_456643242422048107_n.jpg?stp=dst-jpg_s150x150&_nc_ht=instagram.fblr4-5.fna.fbcdn.net&_nc_cat=111&_nc_ohc=Pq2Wwn7VveYAX9Nbj9Q&edm=AOG-cTkBAAAA&ccb=7-5&oh=00_AfAVtI2Q7Buz80rBTwpDe0MRiFENYXY-5pYsDqdBhwk5gg&oe=63948E57&_nc_sid=282b66,false
47676577900,nuha.ameera2007,Nuha,https://instagram.fblr4-2.fna.fbcdn.net/v/t51.2885-19/316183916_1540381309726351_5682938689973624133_n.jpg?stp=dst-jpg_s150x150&_nc_ht=instagram.fblr4-2.fna.fbcdn.net&_nc_cat=107&_nc_ohc=-CiegcOv2tsAX9OxLgj&edm=AOG-cTkBAAAA&ccb=7-5&oh=00_AfD7HU_r0PO3IHmRMBZcjgIBm4aqFcPBrJvPBADrxenWlg&oe=6393E530&_nc_sid=282b66,false
9548046458,igorlobastov_,–ò–≥–æ—Ä—å –õ–æ–±–∞—Å—Ç–æ–≤,https://instagram.fblr4-4.fna.fbcdn.net/v/t51.2885-19/196580635_301733681497590_1325737508978355483_n.jpg?stp=dst-jpg_s150x150&_nc_ht=instagram.fblr4-4.fna.fbcdn.net&_nc_cat=106&_nc_ohc=pQEGts9CueoAX8LDi8m&edm=AOG-cTkBAAAA&ccb=7-5&oh=00_AfC3sP3a4ipNkkbaGrTSVa_qAuoLWaskTHK583SkPxj_bg&oe=63933B94&_nc_sid=282b66,false
5743490194,arnaav.raj,Arnaavüëæ,https://instagram.fblr4-5.fna.fbcdn.net/v/t51.2885-19/317098631_664811038651118_6020826893272909962_n.jpg?stp=dst-jpg_s150x150&_nc_ht=instagram.fblr4-5.fna.fbcdn.net&_nc_cat=102&_nc_ohc=Wo28oBODh3cAX89-4Ha&edm=AOG-cTkBAAAA&ccb=7-5&oh=00_AfAAFtqOabBdPEabIgrgI7LWM6fBhxjrtcBrwQ5VXN5dDw&oe=639428F6&_nc_sid=282b66,false
4676651333,_tan_ia02,„Çø„Éã„Ç¢,https://instagram.fblr4-2.fna.fbcdn.net/v/t51.2885-19/317867953_1865255067150751_2335866452323713361_n.jpg?stp=dst-jpg_s150x150&_nc_ht=instagram.fblr4-2.fna.fbcdn.net&_nc_cat=107&_nc_ohc=G7PklSiOELkAX8c60mt&edm=AOG-cTkBAAAA&ccb=7-5&oh=00_AfBaaMx1C-Q_oxB6IrMVhDXlbLPzu3grQJ7uWzaFDcI3xQ&oe=639409D6&_nc_sid=282b66,false
8536581381,ahmad_al_inzee,Ahmad AL Inzee,https://instagram.fblr4-3.fna.fbcdn.net/v/t51.2885-19/253059491_224893113072189_2574221155541569463_n.jpg?stp=dst-jpg_s150x150&_nc_ht=instagram.fblr4-3.fna.fbcdn.net&_nc_cat=109&_nc_ohc=5vEWxxksHksAX8irrzW&edm=AOG-cTkBAAAA&ccb=7-5&oh=00_AfC93jn4a5IWQTvoMNBzy8rkysChYa6cqimhvYSu5wurbw&oe=6394CBAA&_nc_sid=282b66,false
5642769690,the_priyansh10,Priyansh Kumar,https://instagram.fblr4-4.fna.fbcdn.net/v/t51.2885-19/306131513_657033422695948_7467427159027166913_n.jpg?stp=dst-jpg_s150x150&_nc_ht=instagram.fblr4-4.fna.fbcdn.net&_nc_cat=104&_nc_ohc=M7oTpzL4H7YAX9uhcdi&edm=AOG-cTkBAAAA&ccb=7-5&oh=00_AfA2CUfk1Sryst12ezpgfvJ7fms7vjGOWGsEvOjWRPrgtw&oe=63940C0E&_nc_sid=282b66,false
45092006400,kaelyn.brass,kaelyn,https://instagram.fblr4-5.fna.fbcdn.net/v/t51.2885-19/313078659_2397235057098963_2545854725939747467_n.jpg?stp=dst-jpg_s150x150&_nc_ht=instagram.fblr4-5.fna.fbcdn.net&_nc_cat=103&_nc_ohc=cfPOdBz0x6gAX9iDFGs&edm=AOG-cTkBAAAA&ccb=7-5&oh=00_AfC6cNlLKXEvQXOBP3NoYfJMQ-lotTo_TNCw2hItjRRw1Q&oe=63936AE8&_nc_sid=282b66,false
52482975476,lalalpaul699,Layla ü¶ëü¶é,https://instagram.fblr4-3.fna.fbcdn.net/v/t51.2885-19/318013843_553133806315628_3481590038888138712_n.jpg?stp=dst-jpg_s150x150&_nc_ht=instagram.fblr4-3.fna.fbcdn.net&_nc_cat=108&_nc_ohc=15AIN_N9dnYAX_IK-nv&edm=AOG-cTkBAAAA&ccb=7-5&oh=00_AfB7nqDA3Jcoxlo7oRQo0f84ndhCdPV5dr1xrImm9y6dSA&oe=6393D880&_nc_sid=282b66,false
52759233908,viyaan_2212,,https://instagram.fblr4-5.fna.fbcdn.net/v/t51.2885-19/310727798_1291526938276646_7046448712076405537_n.jpg?stp=dst-jpg_s150x150&_nc_ht=instagram.fblr4-5.fna.fbcdn.net&_nc_cat=102&_nc_ohc=_YRZvnE02dgAX_mqrTf&edm=AOG-cTkBAAAA&ccb=7-5&oh=00_AfBhQ9toxo4Wozc6jqpNkdeHBo_AUEnHmLZCXJFfd6VRiw&oe=6394D815&_nc_sid=282b66,false
53977772797,itsme_shaina18,Shaina Dump,https://instagram.fblr4-4.fna.fbcdn.net/v/t51.2885-19/316999720_1444453422708666_629711299137563899_n.jpg?stp=dst-jpg_s150x150&_nc_ht=instagram.fblr4-4.fna.fbcdn.net&_nc_cat=106&_nc_ohc=Iy_1IiJ9fuUAX-NDntv&tn=FhJtjmBC5OIOZmJj&edm=AOG-cTkBAAAA&ccb=7-5&oh=00_AfCRTGgCfrnls2IPwZSSDMNc3xIOuZpIwwBJfmdX2W5hSA&oe=639345B7&_nc_sid=282b66,false
30665376393,npsjpnagar,"NPS, JP Nagar",https://instagram.fblr4-2.fna.fbcdn.net/v/t51.2885-19/118237647_1738357229663875_8644173021445348295_n.jpg?stp=dst-jpg_s150x150&_nc_ht=instagram.fblr4-2.fna.fbcdn.net&_nc_cat=107&_nc_ohc=Dh9T2pSAtJAAX9ozKHz&edm=AOG-cTkBAAAA&ccb=7-5&oh=00_AfDIG-4uutrsdAUhRPzNnUR5bO-OQZooMM0mnEIj8V6VMg&oe=639351EE&_nc_sid=282b66,false
1411719108,zahara.naaz,Zahara Naaz,https://instagram.fblr4-4.fna.fbcdn.net/v/t51.2885-19/140751276_1549626631894062_4072194985935233437_n.jpg?stp=dst-jpg_s150x150&_nc_ht=instagram.fblr4-4.fna.fbcdn.net&_nc_cat=106&_nc_ohc=2hkXOOovFSoAX8hFX_T&edm=AOG-cTkBAAAA&ccb=7-5&oh=00_AfBytLwGumwBklCYJiSQ0nxFtgAL5wa2HW3HZ1hb6eNubg&oe=639482CC&_nc_sid=282b66,false
54125412902,tamaki.circleoflife,Tamaki,https://instagram.fblr4-4.fna.fbcdn.net/v/t51.2885-19/295814472_5017334565060018_4365928601639546689_n.jpg?stp=dst-jpg_s150x150&_nc_ht=instagram.fblr4-4.fna.fbcdn.net&_nc_cat=106&_nc_ohc=ZbxkzzMV0o8AX_VgJmT&tn=FhJtjmBC5OIOZmJj&edm=AOG-cTkBAAAA&ccb=7-5&oh=00_AfAWir1UZeccPYQFsXso3dUkk8MIqNa0K4b9bboJHXKzeQ&oe=63940866&_nc_sid=282b66,false
54322076958,rytziee_spamzz,Rytasha:),https://instagram.fblr4-3.fna.fbcdn.net/v/t51.2885-19/294185228_459520595599464_2453543792595226882_n.jpg?stp=dst-jpg_s150x150&_nc_ht=instagram.fblr4-3.fna.fbcdn.net&_nc_cat=100&_nc_ohc=xgWMjVYAGyUAX_uL4jT&edm=AOG-cTkBAAAA&ccb=7-5&oh=00_AfBcGPHuHISEZWkQtM74ZHj15d0LSkeJ_hUlB5KIdZBIKA&oe=6394DAA3&_nc_sid=282b66,false
50061308529,sheyyn_17,Shaina Vasquez Dela Torre,https://instagram.fblr4-2.fna.fbcdn.net/v/t51.2885-19/316372610_525021709231090_3777086943074681812_n.jpg?stp=dst-jpg_s150x150&_nc_ht=instagram.fblr4-2.fna.fbcdn.net&_nc_cat=110&_nc_ohc=gJ6NJEZLpX0AX-snPpF&edm=AOG-cTkBAAAA&ccb=7-5&oh=00_AfA-JNUM24DtN5yHq0fw91USxqPY20G3DxPecmjfmkKbKg&oe=63946B27&_nc_sid=282b66,false
48428804877,aryan.aga05,Aryan Agarwal,https://instagram.fblr4-4.fna.fbcdn.net/v/t51.2885-19/217424820_250157990248432_5749733277726780852_n.jpg?stp=dst-jpg_s150x150&_nc_ht=instagram.fblr4-4.fna.fbcdn.net&_nc_cat=104&_nc_ohc=djyE2FyHYZoAX9Z-28V&tn=FhJtjmBC5OIOZmJj&edm=AOG-cTkBAAAA&ccb=7-5&oh=00_AfAXIwMN4BW2qZMEyyWWhxJ6HbXwfPQ40oRFODsBcqXTTg&oe=639439E4&_nc_sid=282b66,false
53621621998,anshumangiri12345,Anshuman Giri,https://instagram.fnag6-3.fna.fbcdn.net/v/t51.2885-19/44884218_345707102882519_2446069589734326272_n.jpg?efg=eyJybWQiOiJpZ19hbmRyb2lkX21vYmlsZV9uZXR3b3JrX3N0YWNrX25ld3NmZWVkX3lvdV9xcGw6Y29udHJvbCJ9&_nc_ht=instagram.fnag6-3.fna.fbcdn.net&_nc_cat=1&_nc_ohc=uM88MCE8Dx4AX8GF8ry&edm=AEF8tYYBAAAA&ccb=7-5&ig_cache_key=YW5vbnltb3VzX3Byb2ZpbGVfcGlj.2-ccb7-5&oh=00_AfBRaOapOs1xA2rYpJRQGtfeTZYeAQPoNDOMQjk3L6e2Vw&oe=6394944F&_nc_sid=a9513d,false
3277078468,yves_fitness12,Yves Wisakika,https://instagram.fblr4-3.fna.fbcdn.net/v/t51.2885-19/316434963_696694518379508_3074237868552604313_n.jpg?stp=dst-jpg_s150x150&_nc_ht=instagram.fblr4-3.fna.fbcdn.net&_nc_cat=108&_nc_ohc=u2SMZmHllfcAX93h8zL&edm=AOG-cTkBAAAA&ccb=7-5&oh=00_AfCwvkSewFfuYDXCHAl4qU0RodZUHupHYlrbBFNfhG-7pQ&oe=639473C2&_nc_sid=282b66,false
21304473335,mr.vynil,Aryan Vinil,https://instagram.fblr4-5.fna.fbcdn.net/v/t51.2885-19/300518970_743941593381590_5442432261144164976_n.jpg?stp=dst-jpg_s150x150&_nc_ht=instagram.fblr4-5.fna.fbcdn.net&_nc_cat=102&_nc_ohc=oxtTEgtRJJcAX-GDkbf&edm=AOG-cTkBAAAA&ccb=7-5&oh=00_AfBvBh1-KUDtbnLo_ToR3XODHtbl5pQ37h58j7SAU-lTjQ&oe=6394BD76&_nc_sid=282b66,false
9626889608,kennethv.ctor,,https://instagram.fblr4-5.fna.fbcdn.net/v/t51.2885-19/317303441_459640566107195_3834569086069275896_n.jpg?stp=dst-jpg_s150x150&_nc_ht=instagram.fblr4-5.fna.fbcdn.net&_nc_cat=111&_nc_ohc=Fl-OMyhxo6QAX-3mZpU&edm=AOG-cTkBAAAA&ccb=7-5&oh=00_AfBexOSA5UxPvIbIWcdnHpDyWzD98zRaltBBIVVK0LGxkw&oe=63951CC0&_nc_sid=282b66,false
7364474964,sruthisam._,Sruthi AM,https://instagram.fblr4-3.fna.fbcdn.net/v/t51.2885-19/299159506_3362662660683164_631729878010099639_n.jpg?stp=dst-jpg_s150x150&_nc_ht=instagram.fblr4-3.fna.fbcdn.net&_nc_cat=108&_nc_ohc=2m8o2fbL55MAX-7SFKP&edm=AOG-cTkBAAAA&ccb=7-5&oh=00_AfBV9q095Cr_t4-dVVSoZ5Fv6knzCHKB49yv12_Sh6J_dw&oe=6393DF4C&_nc_sid=282b66,false
52151012420,arnavn30,Arnav,https://instagram.fblr4-2.fna.fbcdn.net/v/t51.2885-19/293688507_4994130270693329_5020409922668654296_n.jpg?stp=dst-jpg_s150x150&_nc_ht=instagram.fblr4-2.fna.fbcdn.net&_nc_cat=105&_nc_ohc=Qooa_6V-FmYAX9Yj8Bp&tn=FhJtjmBC5OIOZmJj&edm=AOG-cTkBAAAA&ccb=7-5&oh=00_AfBOKJUxZPpu52MTsa1YZLYJticZQeGyyo27osPid5Zb9w&oe=639343EF&_nc_sid=282b66,false
34332258771,reidheii.shetty,Reidheii,https://instagram.fblr4-5.fna.fbcdn.net/v/t51.2885-19/311890072_190086053497715_2533672430886226913_n.jpg?stp=dst-jpg_s150x150&_nc_ht=instagram.fblr4-5.fna.fbcdn.net&_nc_cat=111&_nc_ohc=oU5HiaUHHyYAX9ouEHy&tn=FhJtjmBC5OIOZmJj&edm=AOG-cTkBAAAA&ccb=7-5&oh=00_AfADqI8RNOZTRNd29Tiaq_dMZUPNIaij6ss6QyxA4ECl-w&oe=6394E4DB&_nc_sid=282b66,false
44796236997,oheil.n,Oheil N,https://instagram.fblr4-5.fna.fbcdn.net/v/t51.2885-19/290358039_1154141321985023_4012700603213832314_n.jpg?stp=dst-jpg_s150x150&_nc_ht=instagram.fblr4-5.fna.fbcdn.net&_nc_cat=111&_nc_ohc=bquZvAZ5t_8AX8cDZ4C&edm=AOG-cTkBAAAA&ccb=7-5&oh=00_AfCmKU-hDoXLV_OXlrmh7FfxR3wwD0rt_kL7swdfn51aBQ&oe=639442B0&_nc_sid=282b66,false
4951581896,akshaaymenon._,Akshay A Menon,https://instagram.fblr4-4.fna.fbcdn.net/v/t51.2885-19/291841179_1059856561326078_8507367444401551030_n.jpg?stp=dst-jpg_s150x150&_nc_ht=instagram.fblr4-4.fna.fbcdn.net&_nc_cat=106&_nc_ohc=18qMbfV1cOYAX_azwKj&edm=AOG-cTkBAAAA&ccb=7-5&oh=00_AfCZqQM9YAGIaFnPJIV-uWEsiFo2cnQbPMWRCDHTj--UGw&oe=6395026E&_nc_sid=282b66,false
52298788902,humansh__,humansh,https://instagram.fblr4-5.fna.fbcdn.net/v/t51.2885-19/287133302_583256823229067_2629677508009201019_n.jpg?stp=dst-jpg_s150x150&_nc_ht=instagram.fblr4-5.fna.fbcdn.net&_nc_cat=111&_nc_ohc=_6fgsYoUCvwAX-o6ax5&edm=AOG-cTkBAAAA&ccb=7-5&oh=00_AfCqUitjidrQCwzyaZHD2drlogCtpXBdA_qkleAwOrvR_g&oe=63933878&_nc_sid=282b66,false
22634723316,withluvamari,mar,https://instagram.fblr4-3.fna.fbcdn.net/v/t51.2885-19/287390591_5160277300757964_6644835172440981852_n.jpg?stp=dst-jpg_s150x150&_nc_ht=instagram.fblr4-3.fna.fbcdn.net&_nc_cat=100&_nc_ohc=FUSSNjPSAYoAX8xIZw9&edm=AOG-cTkBAAAA&ccb=7-5&oh=00_AfAWzE09i9ndSOJvL_BPpTz-SQW_Zx6Zzxn9Ue7DvEQ07A&oe=63948A4E&_nc_sid=282b66,false
38915437357,_.gayatriiiiii,spam it is ü•Ä,https://instagram.fblr4-2.fna.fbcdn.net/v/t51.2885-19/317378662_441252038007718_4753384118144138433_n.jpg?stp=dst-jpg_s150x150&_nc_ht=instagram.fblr4-2.fna.fbcdn.net&_nc_cat=110&_nc_ohc=A-AhjIzLqHEAX_ymk6R&edm=AOG-cTkBAAAA&ccb=7-5&oh=00_AfBLWNw0vWoh3yZPF3GgzhKbibTvvVfkY-tiNJweHmNHDg&oe=6393593C&_nc_sid=282b66,false
49103226513,satishadhvay,Adhvay Satish,https://instagram.fnag6-3.fna.fbcdn.net/v/t51.2885-19/44884218_345707102882519_2446069589734326272_n.jpg?efg=eyJybWQiOiJpZ19hbmRyb2lkX21vYmlsZV9uZXR3b3JrX3N0YWNrX25ld3NmZWVkX3lvdV9xcGw6Y29udHJvbCJ9&_nc_ht=instagram.fnag6-3.fna.fbcdn.net&_nc_cat=1&_nc_ohc=uM88MCE8Dx4AX8GF8ry&edm=AEF8tYYBAAAA&ccb=7-5&ig_cache_key=YW5vbnltb3VzX3Byb2ZpbGVfcGlj.2-ccb7-5&oh=00_AfBRaOapOs1xA2rYpJRQGtfeTZYeAQPoNDOMQjk3L6e2Vw&oe=6394944F&_nc_sid=a9513d,false
52109719850,vamsi_89,,https://instagram.fnag6-3.fna.fbcdn.net/v/t51.2885-19/44884218_345707102882519_2446069589734326272_n.jpg?efg=eyJybWQiOiJpZ19hbmRyb2lkX21vYmlsZV9uZXR3b3JrX3N0YWNrX25ld3NmZWVkX3lvdV9xcGw6Y29udHJvbCJ9&_nc_ht=instagram.fnag6-3.fna.fbcdn.net&_nc_cat=1&_nc_ohc=uM88MCE8Dx4AX8GF8ry&edm=AEF8tYYBAAAA&ccb=7-5&ig_cache_key=YW5vbnltb3VzX3Byb2ZpbGVfcGlj.2-ccb7-5&oh=00_AfBRaOapOs1xA2rYpJRQGtfeTZYeAQPoNDOMQjk3L6e2Vw&oe=6394944F&_nc_sid=a9513d,false
48603296016,viha.vohra,viha,https://instagram.fnag6-3.fna.fbcdn.net/v/t51.2885-19/44884218_345707102882519_2446069589734326272_n.jpg?efg=eyJybWQiOiJpZ19hbmRyb2lkX21vYmlsZV9uZXR3b3JrX3N0YWNrX25ld3NmZWVkX3lvdV9xcGw6Y29udHJvbCJ9&_nc_ht=instagram.fnag6-3.fna.fbcdn.net&_nc_cat=1&_nc_ohc=uM88MCE8Dx4AX8GF8ry&edm=AEF8tYYBAAAA&ccb=7-5&ig_cache_key=YW5vbnltb3VzX3Byb2ZpbGVfcGlj.2-ccb7-5&oh=00_AfBRaOapOs1xA2rYpJRQGtfeTZYeAQPoNDOMQjk3L6e2Vw&oe=6394944F&_nc_sid=a9513d,false
5345749427,asylum_undead,Vikrant Vasudevan,https://instagram.fblr4-2.fna.fbcdn.net/v/t51.2885-19/317765135_1212858532603558_1223319379625818815_n.jpg?stp=dst-jpg_s150x150&_nc_ht=instagram.fblr4-2.fna.fbcdn.net&_nc_cat=110&_nc_ohc=V8GK9HlPLGQAX_O9MAU&tn=FhJtjmBC5OIOZmJj&edm=AOG-cTkBAAAA&ccb=7-5&oh=00_AfC0BvGFWDYbbrAApWPcsIPE7G7Ric7YfP3xPwhfTxOpfw&oe=63945AAF&_nc_sid=282b66,false
46881420662,its_vein_666,,https://instagram.fblr4-2.fna.fbcdn.net/v/t51.2885-19/241237780_405249377622847_3190680229597315705_n.jpg?stp=dst-jpg_s150x150&_nc_ht=instagram.fblr4-2.fna.fbcdn.net&_nc_cat=107&_nc_ohc=jYvMOdNUQScAX_MDIgr&tn=FhJtjmBC5OIOZmJj&edm=AOG-cTkBAAAA&ccb=7-5&oh=00_AfBklL_9nfMQqnDqPVtXiMDisuFz8ag7okIzrdHw6ZkwIg&oe=639516B9&_nc_sid=282b66,false
5922394336,savanurpooja,Pooja Savanur Bhaskar,https://instagram.fblr4-2.fna.fbcdn.net/v/t51.2885-19/305035880_129126976323418_1709315596707706020_n.jpg?stp=dst-jpg_s150x150&_nc_ht=instagram.fblr4-2.fna.fbcdn.net&_nc_cat=110&_nc_ohc=WATqRm_0nvcAX_O6w9_&edm=AOG-cTkBAAAA&ccb=7-5&oh=00_AfDeDrQcJFgpMONDtqLGS2b_0ViohVMVDbvzXD7ItRHiCg&oe=6393F0CE&_nc_sid=282b66,false
21280852905,_aditya.ms_,adityaü¶ç,https://instagram.fblr4-4.fna.fbcdn.net/v/t51.2885-19/317003027_670826851101942_2110412065066401675_n.jpg?stp=dst-jpg_s150x150&_nc_ht=instagram.fblr4-4.fna.fbcdn.net&_nc_cat=106&_nc_ohc=UM-fS4Bk7_4AX93lj8Y&edm=AOG-cTkBAAAA&ccb=7-5&oh=00_AfCAdvgv4RA95N92dkQD8hl--GQsyfzjBTAAoiifVW5Tjg&oe=6394F527&_nc_sid=282b66,false
49625929624,shivs_isnt_here,Shivani Ramesh,https://instagram.fblr4-5.fna.fbcdn.net/v/t51.2885-19/244434911_295104682100883_5001682244041062224_n.jpg?stp=dst-jpg_s150x150&_nc_ht=instagram.fblr4-5.fna.fbcdn.net&_nc_cat=103&_nc_ohc=19Su6MMp2UMAX9r5ulD&edm=AOG-cTkBAAAA&ccb=7-5&oh=00_AfDRvxV6bDYVLif6135KcYLrV9w1eHdIy1eLCJ1b12jztg&oe=639352E0&_nc_sid=282b66,false
50821287570,jiyakbhatia,Jiya Kaur Bhatia,https://instagram.fblr4-2.fna.fbcdn.net/v/t51.2885-19/271404025_604374577322441_3791755624465632747_n.jpg?stp=dst-jpg_s150x150&_nc_ht=instagram.fblr4-2.fna.fbcdn.net&_nc_cat=105&_nc_ohc=98LYvvlY4aQAX9ejQEl&edm=AOG-cTkBAAAA&ccb=7-5&oh=00_AfDcIKKjKtkcK8gk-WyO151l5pMMNfiVXq00L6vh68IZ9Q&oe=6393D1F7&_nc_sid=282b66,false
5172072814,tanvi_anthony,tanvi,https://instagram.fblr4-1.fna.fbcdn.net/v/t51.2885-19/315424502_690786505826185_4895003331878623380_n.jpg?stp=dst-jpg_s150x150&_nc_ht=instagram.fblr4-1.fna.fbcdn.net&_nc_cat=101&_nc_ohc=j6ALT4w5a-gAX9a0WgF&tn=FhJtjmBC5OIOZmJj&edm=AOG-cTkBAAAA&ccb=7-5&oh=00_AfBVvJjPLc3QSUiR9spAa1MhHpLWX7284QDUmzewSW-Jag&oe=63937199&_nc_sid=282b66,false
50814325621,leonvabraham,Leon,https://instagram.fblr4-3.fna.fbcdn.net/v/t51.2885-19/314249827_519243603386480_3230533975217823168_n.jpg?stp=dst-jpg_s150x150&_nc_ht=instagram.fblr4-3.fna.fbcdn.net&_nc_cat=108&_nc_ohc=7O7RaanUltgAX802vYK&edm=AOG-cTkBAAAA&ccb=7-5&oh=00_AfB_s2O9kDoL11zEYzuz7RwQWKezL-08-hproRNcV3qY1Q&oe=63933C23&_nc_sid=282b66,false
38944830441,karthikkk_r,Karthik,https://instagram.fblr4-3.fna.fbcdn.net/v/t51.2885-19/288776025_745494093543573_2851351565760920812_n.jpg?stp=dst-jpg_s150x150&_nc_ht=instagram.fblr4-3.fna.fbcdn.net&_nc_cat=109&_nc_ohc=Tey_gEYiTQEAX97-Tlz&edm=AOG-cTkBAAAA&ccb=7-5&oh=00_AfCq6oTQKGpw6TlfnG8MFpNBZ53QJs-7i1JECifkW_mjbw&oe=6393B0CE&_nc_sid=282b66,false
5839439265,_vardhann.__,Sreevardhan,https://instagram.fblr4-2.fna.fbcdn.net/v/t51.2885-19/303378573_784210895963527_4945358005478630025_n.jpg?stp=dst-jpg_s150x150&_nc_ht=instagram.fblr4-2.fna.fbcdn.net&_nc_cat=107&_nc_ohc=EIkNx5To2oUAX9uouYE&edm=AOG-cTkBAAAA&ccb=7-5&oh=00_AfDjtaEPLT2opHfcbrS7Zn0FMOrrzca6CC8l_yjnZC6fNA&oe=63940086&_nc_sid=282b66,false
48170998804,j.o.a.s.h.u.a,Joashua K Madhu,https://instagram.fblr4-4.fna.fbcdn.net/v/t51.2885-19/317781964_559464582682914_5744453726873844897_n.jpg?stp=dst-jpg_s150x150&_nc_ht=instagram.fblr4-4.fna.fbcdn.net&_nc_cat=106&_nc_ohc=19AXwmjRCykAX_pZ4e9&tn=FhJtjmBC5OIOZmJj&edm=AOG-cTkBAAAA&ccb=7-5&oh=00_AfArAaUl8c6uKg6kaO6u2i8VOXQx71hbZ9YWiACzQpUZ5A&oe=6393CD14&_nc_sid=282b66,false
46020625980,deon_jins_,Deon,https://instagram.fblr4-3.fna.fbcdn.net/v/t51.2885-19/300803830_826258308744272_4883269573937055926_n.jpg?stp=dst-jpg_s150x150&_nc_ht=instagram.fblr4-3.fna.fbcdn.net&_nc_cat=108&_nc_ohc=tDnDWKmfd9QAX-Ewkpv&tn=FhJtjmBC5OIOZmJj&edm=AOG-cTkBAAAA&ccb=7-5&oh=00_AfCKfKw4L9_eQ_9mCwV7UDG2LjI_4TkW85saAkz6EZ2mmw&oe=6394BC2F&_nc_sid=282b66,false
49619722170,shambbhavi_07,sham,https://instagram.fblr4-3.fna.fbcdn.net/v/t51.2885-19/318317201_1053710506027677_6457653436684887334_n.jpg?stp=dst-jpg_s150x150&_nc_ht=instagram.fblr4-3.fna.fbcdn.net&_nc_cat=109&_nc_ohc=H6Zd98Rq29cAX95HXa4&tn=FhJtjmBC5OIOZmJj&edm=AOG-cTkBAAAA&ccb=7-5&oh=00_AfCHhDiq-SwV9fVlB3bTQG9P-ElPUoNkeL6F4J2oKME2eQ&oe=6393662F&_nc_sid=282b66,false
14255493585,pranaya_mishti,‚ô°,https://instagram.fblr4-3.fna.fbcdn.net/v/t51.2885-19/295937558_582335476634528_3484724691666072672_n.jpg?stp=dst-jpg_s150x150&_nc_ht=instagram.fblr4-3.fna.fbcdn.net&_nc_cat=108&_nc_ohc=odOASG5AT_oAX8AjE1T&edm=AOG-cTkBAAAA&ccb=7-5&oh=00_AfD_w5uI81kJzzQDCTuHP-N4GJQ3OGdGH1-ENzulVONKzQ&oe=6393C1E3&_nc_sid=282b66,false
8623524877,kshiti13_,kshiti.,https://instagram.fblr4-3.fna.fbcdn.net/v/t51.2885-19/312632177_642980347311081_3865798726248633805_n.jpg?stp=dst-jpg_s150x150&_nc_ht=instagram.fblr4-3.fna.fbcdn.net&_nc_cat=109&_nc_ohc=oEt9f0Y8oSkAX8YZgN6&edm=AOG-cTkBAAAA&ccb=7-5&oh=00_AfB0Allp8MvbbmWqggBw9Q3v5QkFbcmfYVQnsOFjLc5S8w&oe=6394BA92&_nc_sid=282b66,false
49882304232,pruthvi_gangapure,Pruthvi Gangapure,https://instagram.fblr4-2.fna.fbcdn.net/v/t51.2885-19/318209925_951269699089615_2999732353164293420_n.jpg?stp=dst-jpg_s150x150&_nc_ht=instagram.fblr4-2.fna.fbcdn.net&_nc_cat=107&_nc_ohc=gkNlCC19urkAX-och4u&edm=AOG-cTkBAAAA&ccb=7-5&oh=00_AfDMA_TXrktNzEzhmDuDOAgom4DVTWar5t2dGhX_YSZEhw&oe=6393DBA2&_nc_sid=282b66,false
7592174755,k1ngstingray,Raihan,https://instagram.fblr4-3.fna.fbcdn.net/v/t51.2885-19/296893151_604975471206933_8414165266023341694_n.jpg?stp=dst-jpg_s150x150&_nc_ht=instagram.fblr4-3.fna.fbcdn.net&_nc_cat=109&_nc_ohc=6XIdBoOzIeEAX_NZcsB&edm=AOG-cTkBAAAA&ccb=7-5&oh=00_AfAS2gsVS9Y92gwdqbkLAf08DJ_Oqj0pPta_bSVOy3sd2w&oe=63950033&_nc_sid=282b66,false
21436002940,dhruvreddy7,DHRUV,https://instagram.fblr4-5.fna.fbcdn.net/v/t51.2885-19/291329597_434008195029758_7361800457160269349_n.jpg?stp=dst-jpg_s150x150&_nc_ht=instagram.fblr4-5.fna.fbcdn.net&_nc_cat=102&_nc_ohc=nevwVSfefycAX97VE3T&edm=AOG-cTkBAAAA&ccb=7-5&oh=00_AfDOcxGuBvEsyHNG_yCgrZ3UpBeexcOgKPTBfsJ0jYUwIg&oe=639420B2&_nc_sid=282b66,false
6645714997,hypergamer361,Ayush,https://instagram.fblr4-2.fna.fbcdn.net/v/t51.2885-19/107084531_310367763552691_5757050075136088797_n.jpg?stp=dst-jpg_s150x150&_nc_ht=instagram.fblr4-2.fna.fbcdn.net&_nc_cat=107&_nc_ohc=vibQs6v4Nj0AX9_yGRT&edm=AOG-cTkBAAAA&ccb=7-5&oh=00_AfDwc6JLjj-gq4-o3Elpv_RI2VDC1qdE12mUq7X4kAMtow&oe=63949B27&_nc_sid=282b66,false
7911853849,cian06x,Cian Chengappa,https://instagram.fblr4-5.fna.fbcdn.net/v/t51.2885-19/306913753_140800311990639_2764640813600530602_n.jpg?stp=dst-jpg_s150x150&_nc_ht=instagram.fblr4-5.fna.fbcdn.net&_nc_cat=103&_nc_ohc=Q35lRLHCMqgAX90tEMt&edm=AOG-cTkBAAAA&ccb=7-5&oh=00_AfCvmxzDnnis1tFveUKbnzACHCCB2ExD-2B2keyuOWG7aA&oe=639510C3&_nc_sid=282b66,false
47370673066,mutant_gameryt,,https://instagram.fblr4-4.fna.fbcdn.net/v/t51.2885-19/184734318_524237268942352_3200374951087359471_n.jpg?stp=dst-jpg_s150x150&_nc_ht=instagram.fblr4-4.fna.fbcdn.net&_nc_cat=104&_nc_ohc=WlN1ziYfu_kAX_Izt7t&edm=AOG-cTkBAAAA&ccb=7-5&oh=00_AfCi2et6gtAqYsWW4sMiAMLaOoglEvi71UQI-KHdeup5bw&oe=639504F8&_nc_sid=282b66,false
48904071305,kamath._.maamu,Maya Kamath,https://instagram.fblr4-1.fna.fbcdn.net/v/t51.2885-19/318185075_878534020178437_2190233850991443713_n.jpg?stp=dst-jpg_s150x150&_nc_ht=instagram.fblr4-1.fna.fbcdn.net&_nc_cat=101&_nc_ohc=T9AcNPo7t28AX-LpcjU&tn=FhJtjmBC5OIOZmJj&edm=AOG-cTkBAAAA&ccb=7-5&oh=00_AfA-_q_AWpFBXgK0i9KhtzrrWe62tM6xt-cq5VrtdgSUBw&oe=6393EBEC&_nc_sid=282b66,false
27292809897,rahul.biju_, ô…™·¥ä·¥ú,https://instagram.fblr4-2.fna.fbcdn.net/v/t51.2885-19/242834387_4604912526214723_9158217640677151006_n.jpg?stp=dst-jpg_s150x150&_nc_ht=instagram.fblr4-2.fna.fbcdn.net&_nc_cat=107&_nc_ohc=yfRlm-dkAecAX8dyWUh&edm=AOG-cTkBAAAA&ccb=7-5&oh=00_AfBYFR5AlYkO15uypfN1tpVIuh1SqTM0MUjgK16MNEt5wA&oe=63950E45&_nc_sid=282b66,false
33782885996,akshay_sathish25,Akshay Sathish,https://instagram.fblr4-3.fna.fbcdn.net/v/t51.2885-19/284666130_535004314924860_2566415860729442080_n.jpg?stp=dst-jpg_s150x150&_nc_ht=instagram.fblr4-3.fna.fbcdn.net&_nc_cat=100&_nc_ohc=Vt4rpTlmK8oAX84q5_G&edm=AOG-cTkBAAAA&ccb=7-5&oh=00_AfBf0WLNeQmbTQVtIxat0sh6tlEwmRXI4AfA7yuWAfZovg&oe=63933A68&_nc_sid=282b66,false
7848893457,aaravdhruv_1300,aaravdhruv_1300,https://instagram.fblr4-2.fna.fbcdn.net/v/t51.2885-19/275790247_3154979868065434_1498864331996353804_n.jpg?stp=dst-jpg_s150x150&_nc_ht=instagram.fblr4-2.fna.fbcdn.net&_nc_cat=110&_nc_ohc=o4-MOXoNBUgAX8fMgt8&tn=FhJtjmBC5OIOZmJj&edm=AOG-cTkBAAAA&ccb=7-5&oh=00_AfCIun_o_nW5EsMe3f5N2lFvslqaKvxgN6knWgdov0ORYA&oe=63943B4C&_nc_sid=282b66,false
47320644642,ywshh.wm__,Future Hendrix,https://instagram.fblr4-2.fna.fbcdn.net/v/t51.2885-19/317994022_1535626803589721_1308291923321605950_n.jpg?stp=dst-jpg_s150x150&_nc_ht=instagram.fblr4-2.fna.fbcdn.net&_nc_cat=105&_nc_ohc=RVDokt_7EAIAX_WAs8I&edm=AOG-cTkBAAAA&ccb=7-5&oh=00_AfBiE9W8Z9TYZjzRGvxtp7x0QQgDUaRbxmCIGxo-8CzKBg&oe=63940A0D&_nc_sid=282b66,false
48848661495,darthvider98,darthvider98,https://instagram.fblr4-5.fna.fbcdn.net/v/t51.2885-19/230134114_847796379464342_5559692080916624130_n.jpg?stp=dst-jpg_s150x150&_nc_ht=instagram.fblr4-5.fna.fbcdn.net&_nc_cat=102&_nc_ohc=PNZK6IQX9BcAX-24_Nk&edm=AOG-cTkBAAAA&ccb=7-5&oh=00_AfDGi5S9Yxl6Th-lSmLr4UNCfGvlWJTNk8D10lAcs3r_Lw&oe=6395113E&_nc_sid=282b66,false
49450950965,kyle_amv_dettebayo,kyle,https://instagram.fblr4-3.fna.fbcdn.net/v/t51.2885-19/241187189_2617772711852673_7180255754525494517_n.jpg?stp=dst-jpg_s150x150&_nc_ht=instagram.fblr4-3.fna.fbcdn.net&_nc_cat=109&_nc_ohc=7wPIdQ78o4oAX8B90_t&edm=AOG-cTkBAAAA&ccb=7-5&oh=00_AfCZCHFlP05dL6kFtNi4Akds3Gh2UhpJqmKLChlQtUuAAg&oe=63939CB7&_nc_sid=282b66,false
2031317213,muslim_bale,Aamir ÿ≥ŸàŸÜŸäÿ¨Ÿä,https://instagram.fblr4-3.fna.fbcdn.net/v/t51.2885-19/242308310_596157678078225_7356049755979417847_n.jpg?stp=dst-jpg_s150x150&_nc_ht=instagram.fblr4-3.fna.fbcdn.net&_nc_cat=109&_nc_ohc=90gsleCKuN8AX_dXkaf&tn=FhJtjmBC5OIOZmJj&edm=AOG-cTkBAAAA&ccb=7-5&oh=00_AfC9q4hhfuA0CpQkoGLAIKZlfl6hl5DdhoGTwZ1lHG1LiQ&oe=6393F594&_nc_sid=282b66,false
5562246138,rakitaki_uchiha,Rakshith Manjunath,https://instagram.fblr4-5.fna.fbcdn.net/v/t51.2885-19/77038210_837108096723842_6598484107976507392_n.jpg?stp=dst-jpg_s150x150&_nc_ht=instagram.fblr4-5.fna.fbcdn.net&_nc_cat=102&_nc_ohc=aJfx2uPfCy8AX8ZnB80&edm=AOG-cTkBAAAA&ccb=7-5&oh=00_AfAuad8GvLEorjSxyPdK4GOe70RjvcI4CLS28uaSt0QUXw&oe=63937FD4&_nc_sid=282b66,false
5713481662,leonardo_de_soneji,Aadil Soneji,https://instagram.fblr4-5.fna.fbcdn.net/v/t51.2885-19/258450529_575888823468663_7806825472854358081_n.jpg?stp=dst-jpg_s150x150&_nc_ht=instagram.fblr4-5.fna.fbcdn.net&_nc_cat=103&_nc_ohc=FF9FrB4duTsAX8ouOSP&edm=AOG-cTkBAAAA&ccb=7-5&oh=00_AfDRWjFTC6-ZmrENolddQ-tVg6ECfe1EB7lu9Z7PNQJE7w&oe=63941BEF&_nc_sid=282b66,false
3410137157,_agnxl_,Agnel,https://instagram.fblr4-2.fna.fbcdn.net/v/t51.2885-19/316969632_1519597195181321_1682624991377472326_n.jpg?stp=dst-jpg_s150x150&_nc_ht=instagram.fblr4-2.fna.fbcdn.net&_nc_cat=105&_nc_ohc=RzNo8TzESMEAX-ALp7F&edm=AOG-cTkBAAAA&ccb=7-5&oh=00_AfA6MVcV3X17Xou_MO4PzEf67gZ8i2ohAIeVsmO6aoF_pg&oe=63949F15&_nc_sid=282b66,false
39204674081,pranav_araks28,Pranav A,https://instagram.fblr4-2.fna.fbcdn.net/v/t51.2885-19/312372148_648289800152585_720227896155195002_n.jpg?stp=dst-jpg_s150x150&_nc_ht=instagram.fblr4-2.fna.fbcdn.net&_nc_cat=105&_nc_ohc=qS4uWbR_d34AX85-wUs&edm=AOG-cTkBAAAA&ccb=7-5&oh=00_AfAWnurHemF8vV4yeze_Du2uLeHlsfgXWdOBahIJI7AiFw&oe=6394ADF7&_nc_sid=282b66,false
327629151,aaryanraina,Aaryan Raina,https://instagram.fblr4-2.fna.fbcdn.net/v/t51.2885-19/233463178_546803613130231_6602398764176126045_n.jpg?stp=dst-jpg_s150x150&_nc_ht=instagram.fblr4-2.fna.fbcdn.net&_nc_cat=107&_nc_ohc=vtgv3HLI2_YAX88Hv6h&tn=FhJtjmBC5OIOZmJj&edm=AOG-cTkBAAAA&ccb=7-5&oh=00_AfBzI8a6kkRO8lLDHSySFX5qiCtg4lYsq4S4LPFFj5kARQ&oe=63944BCB&_nc_sid=282b66,false
40560110134,siddhantnavaratnalol,sid,https://instagram.fblr4-3.fna.fbcdn.net/v/t51.2885-19/308007945_412186514436420_7681063399094804892_n.jpg?stp=dst-jpg_s150x150&_nc_ht=instagram.fblr4-3.fna.fbcdn.net&_nc_cat=100&_nc_ohc=dqVe4dqd52cAX-h9CV7&tn=FhJtjmBC5OIOZmJj&edm=AOG-cTkBAAAA&ccb=7-5&oh=00_AfBgQzigmn1JTT4TY86zVGzoJexr8SkypE0mIGEH5Nc0bg&oe=63951BEC&_nc_sid=282b66,false
38779179904,yasmeenzaria,zaria,https://instagram.fblr4-4.fna.fbcdn.net/v/t51.2885-19/314397100_3361613464087050_8257730672357323836_n.jpg?stp=dst-jpg_s150x150&_nc_ht=instagram.fblr4-4.fna.fbcdn.net&_nc_cat=106&_nc_ohc=iTi_yqsSL1oAX_eI2Io&edm=AOG-cTkBAAAA&ccb=7-5&oh=00_AfBlrMz7juZssu-BFmdZWy3QMzcWSGH9MoG0vIcHEIQinw&oe=63933D10&_nc_sid=282b66,false
46564984994,lakshia_09,Lakshia,https://instagram.fblr4-3.fna.fbcdn.net/v/t51.2885-19/316055873_137608932397532_8170739852486971080_n.jpg?stp=dst-jpg_s150x150&_nc_ht=instagram.fblr4-3.fna.fbcdn.net&_nc_cat=108&_nc_ohc=9Fvis7agQOkAX_929P0&edm=AOG-cTkBAAAA&ccb=7-5&oh=00_AfDGu6CV2HRMZmGQGDqXonMazfyegWIPtcPW4YM7aWLxkQ&oe=6394114B&_nc_sid=282b66,false
4375196097,shivani_ramesh645,SHIVANI RAMESH,https://instagram.fblr4-4.fna.fbcdn.net/v/t51.2885-19/74932092_451039578933268_2143025553551130624_n.jpg?stp=dst-jpg_s150x150&_nc_ht=instagram.fblr4-4.fna.fbcdn.net&_nc_cat=104&_nc_ohc=vkazHXqiPEkAX8t0o-3&tn=FhJtjmBC5OIOZmJj&edm=AOG-cTkBAAAA&ccb=7-5&oh=00_AfBjrJbg5Z4CPaov2Nz8eWw7akXGQCVmSQ-fDfnmuNLbbA&oe=639497BD&_nc_sid=282b66,false
44773339146,abhinav_j_23,Abhinav Chris Raja,https://instagram.fblr4-5.fna.fbcdn.net/v/t51.2885-19/315974449_190607110205115_3525516470079342432_n.jpg?stp=dst-jpg_s150x150&_nc_ht=instagram.fblr4-5.fna.fbcdn.net&_nc_cat=103&_nc_ohc=cLGjnRyMyCAAX9mADrj&tn=FhJtjmBC5OIOZmJj&edm=AOG-cTkBAAAA&ccb=7-5&oh=00_AfD7jvm_ZI8OD3diNSDba9eI-VTRRfu3RvKFMhfgbm4x8Q&oe=6393CC71&_nc_sid=282b66,false
37746244528,apoorva_naik2,Apoorva Naik,https://instagram.fblr4-3.fna.fbcdn.net/v/t51.2885-19/292430648_109608621743252_6368654616181486578_n.jpg?stp=dst-jpg_s150x150&_nc_ht=instagram.fblr4-3.fna.fbcdn.net&_nc_cat=108&_nc_ohc=2hGO-FJlilEAX9oBxpv&tn=FhJtjmBC5OIOZmJj&edm=AOG-cTkBAAAA&ccb=7-5&oh=00_AfDRyukVn8GZcUqp0dk_tBZBHlJnyizX1pfny0cmaK4T3g&oe=639422A1&_nc_sid=282b66,false
15054450575,_rheaaaaa.14,Rhea ‚ú®,https://instagram.fblr4-5.fna.fbcdn.net/v/t51.2885-19/190135322_130864165685903_2258611852278748_n.jpg?stp=dst-jpg_s150x150&_nc_ht=instagram.fblr4-5.fna.fbcdn.net&_nc_cat=111&_nc_ohc=fKZJfavnBHcAX8m2PBo&edm=AOG-cTkBAAAA&ccb=7-5&oh=00_AfDsdqNVP0CYbKhoj310tvZi0qnfO1q-Io6sUXOB14GP5g&oe=63942CF2&_nc_sid=282b66,false
1833470662,paashi97,Paashmina Bativala,https://instagram.fblr4-3.fna.fbcdn.net/v/t51.2885-19/307067308_486226220183108_3337126466988465688_n.jpg?stp=dst-jpg_s150x150&_nc_ht=instagram.fblr4-3.fna.fbcdn.net&_nc_cat=108&_nc_ohc=TAfy1esRE4gAX_o6lbN&edm=AOG-cTkBAAAA&ccb=7-5&oh=00_AfDVRySBQUQXOUmApXYjdT6SXMBDXSplLdrKzc_a5rVL9A&oe=6394D859&_nc_sid=282b66,false
7929421404,narayan_arun_,narayan,https://instagram.fdel66-1.fna.fbcdn.net/v/t51.2885-19/44884218_345707102882519_2446069589734326272_n.jpg?_nc_ht=instagram.fdel66-1.fna.fbcdn.net&_nc_cat=1&_nc_ohc=uM88MCE8Dx4AX_GlhUK&edm=ABFeTR8BAAAA&ccb=7-5&ig_cache_key=YW5vbnltb3VzX3Byb2ZpbGVfcGlj.2-ccb7-5&oh=00_AfDQN5HOEQZRpmYxhWv6u-HqNWCb10j6lv0b2PfzVZp8YA&oe=6394944F&_nc_sid=93c1bc,false
47773979557,parthius_2005,Parth,https://instagram.fblr4-3.fna.fbcdn.net/v/t51.2885-19/178847368_137522248351016_7241680473969815655_n.jpg?stp=dst-jpg_s150x150&_nc_ht=instagram.fblr4-3.fna.fbcdn.net&_nc_cat=108&_nc_ohc=Z5dZ8dbH2XMAX-HMqSM&edm=AOG-cTkBAAAA&ccb=7-5&oh=00_AfB9X7oUi9v9Szl0ep3AM8lps-2DSi-gRXR06WgiDIOiog&oe=63946BB0&_nc_sid=282b66,false
3583605115,swapna_vjyn,Swapna Vijayan,https://instagram.fblr4-2.fna.fbcdn.net/v/t51.2885-19/311653439_800781504463786_7922159943355576796_n.jpg?stp=dst-jpg_s150x150&_nc_ht=instagram.fblr4-2.fna.fbcdn.net&_nc_cat=110&_nc_ohc=Fdlh_9lsLvYAX8mnRxi&edm=AOG-cTkBAAAA&ccb=7-5&oh=00_AfDK6XCw2QX5L84RPwGXgv3a7nQyv379cbCQjV4Y7aQTMA&oe=6395063D&_nc_sid=282b66,false
9511052145,deebhava,Deepa,https://instagram.fblr4-5.fna.fbcdn.net/v/t51.2885-19/315737579_1029866258409842_1039753074558682780_n.jpg?stp=dst-jpg_s150x150&_nc_ht=instagram.fblr4-5.fna.fbcdn.net&_nc_cat=102&_nc_ohc=Qvk5khln240AX-LdWoK&edm=AOG-cTkBAAAA&ccb=7-5&oh=00_AfAYYzC2J5vkGNcBSVPE9kcdgl0F2rCo2QR60z1fqRbTZQ&oe=6394834E&_nc_sid=282b66,false
45228207093,freakyanimevibes2,Waifus üî•,https://instagram.fblr4-5.fna.fbcdn.net/v/t51.2885-19/156726734_710511716299131_1450252486497946787_n.jpg?stp=dst-jpg_s150x150&_nc_ht=instagram.fblr4-5.fna.fbcdn.net&_nc_cat=103&_nc_ohc=0h0SyILkke8AX-XTOpn&edm=AOG-cTkBAAAA&ccb=7-5&oh=00_AfDnnDu1cq_A5Xf5uq0XjyvRGGsPhVzJ3QUhYCLkEJ77HQ&oe=6393A738&_nc_sid=282b66,false
2197768380,srilaxman.thiru,Srilakshman Thiru,https://instagram.fblr4-2.fna.fbcdn.net/v/t51.2885-19/277407353_737552434224322_2862740186351250579_n.jpg?stp=dst-jpg_s150x150&_nc_ht=instagram.fblr4-2.fna.fbcdn.net&_nc_cat=110&_nc_ohc=qYtLznDIWRYAX-OZEoL&edm=AOG-cTkBAAAA&ccb=7-5&oh=00_AfDqtIb6lfOXCqpmHIBHqvPPqZwHCXs0fZ_9HpjKZwUz8w&oe=639444F9&_nc_sid=282b66,false
36802246300,advay_890,advay,https://instagram.fdel66-1.fna.fbcdn.net/v/t51.2885-19/44884218_345707102882519_2446069589734326272_n.jpg?_nc_ht=instagram.fdel66-1.fna.fbcdn.net&_nc_cat=1&_nc_ohc=uM88MCE8Dx4AX_GlhUK&edm=ABFeTR8BAAAA&ccb=7-5&ig_cache_key=YW5vbnltb3VzX3Byb2ZpbGVfcGlj.2-ccb7-5&oh=00_AfDQN5HOEQZRpmYxhWv6u-HqNWCb10j6lv0b2PfzVZp8YA&oe=6394944F&_nc_sid=93c1bc,false
6004841889,shoshanna.23,shoshanna attavar,https://instagram.fblr4-3.fna.fbcdn.net/v/t51.2885-19/317235347_925328208409689_6498243145070438380_n.jpg?stp=dst-jpg_s150x150&_nc_ht=instagram.fblr4-3.fna.fbcdn.net&_nc_cat=109&_nc_ohc=rTdVxoiT45wAX8FWUDk&edm=AOG-cTkBAAAA&ccb=7-5&oh=00_AfDoNchGK6t1hGumBX3kHj37nvJqClS_GcH9KAdVA__n4g&oe=6393C862&_nc_sid=282b66,false
43682615751,aarnavpradeep,Aarnav,https://instagram.fblr4-4.fna.fbcdn.net/v/t51.2885-19/298413461_640282854106314_1438384331166454877_n.jpg?stp=dst-jpg_s150x150&_nc_ht=instagram.fblr4-4.fna.fbcdn.net&_nc_cat=106&_nc_ohc=jymBpwYR5hkAX85w8kD&edm=AOG-cTkBAAAA&ccb=7-5&oh=00_AfDloJgpxaF1cz2538thXsmiCmvz8vGIQVPnWv0io4PjSw&oe=63949CA5&_nc_sid=282b66,false
45977091752,rishon_g_a,Rishon G A,https://instagram.fblr4-5.fna.fbcdn.net/v/t51.2885-19/288271014_5064510050269250_3456233205693323499_n.jpg?stp=dst-jpg_s150x150&_nc_ht=instagram.fblr4-5.fna.fbcdn.net&_nc_cat=102&_nc_ohc=fk3DBJchjZ0AX_N_kxJ&edm=AOG-cTkBAAAA&ccb=7-5&oh=00_AfDbZKTIzxx-u5ztpTNe9bB2wOsxovf6vp49MEFs4_wOug&oe=63949C16&_nc_sid=282b66,false
27015862029,bri.0na_,Briana,https://instagram.fblr4-3.fna.fbcdn.net/v/t51.2885-19/316352707_832799107928697_7234325102183317400_n.jpg?stp=dst-jpg_s150x150&_nc_ht=instagram.fblr4-3.fna.fbcdn.net&_nc_cat=109&_nc_ohc=QOL6GI8o-aEAX9y6D-1&edm=AOG-cTkBAAAA&ccb=7-5&oh=00_AfDd-E5neXr92t6AajdyXr89_jzlgZNRjm5M_klTTm3Cdg&oe=6394D922&_nc_sid=282b66,false
46092895551,annarosecolin,Anna :),https://instagram.fblr4-5.fna.fbcdn.net/v/t51.2885-19/316721697_813027606421178_8217246099740123229_n.jpg?stp=dst-jpg_s150x150&_nc_ht=instagram.fblr4-5.fna.fbcdn.net&_nc_cat=102&_nc_ohc=ppKd6IOWY30AX_YbKja&tn=FhJtjmBC5OIOZmJj&edm=AOG-cTkBAAAA&ccb=7-5&oh=00_AfARZzFbt5q9F3QJi4N2OJ7WWHpfMcAcC6QiH4x8U_Wq7A&oe=6394BFE2&_nc_sid=282b66,false
46196892894,jacktodoroki_,Jack Todoroki,https://instagram.fblr4-1.fna.fbcdn.net/v/t51.2885-19/155516105_250399806724009_358679296103818579_n.jpg?stp=dst-jpg_s150x150&_nc_ht=instagram.fblr4-1.fna.fbcdn.net&_nc_cat=101&_nc_ohc=2sXCTxGcobcAX_X6zP9&tn=FhJtjmBC5OIOZmJj&edm=AOG-cTkBAAAA&ccb=7-5&oh=00_AfB5y9JehsT8eZwPqnF1kt06nAitYoYxbHw1kqtEPiUTfw&oe=6394CEE2&_nc_sid=282b66,false
45385155996,minjae8023,ÍπÄÎØºÏû¨,https://instagram.fdel66-1.fna.fbcdn.net/v/t51.2885-19/44884218_345707102882519_2446069589734326272_n.jpg?_nc_ht=instagram.fdel66-1.fna.fbcdn.net&_nc_cat=1&_nc_ohc=uM88MCE8Dx4AX_GlhUK&edm=ABFeTR8BAAAA&ccb=7-5&ig_cache_key=YW5vbnltb3VzX3Byb2ZpbGVfcGlj.2-ccb7-5&oh=00_AfDQN5HOEQZRpmYxhWv6u-HqNWCb10j6lv0b2PfzVZp8YA&oe=6394944F&_nc_sid=93c1bc,false
5405162715,kaustubh_uchiha,kaustubh,https://instagram.fblr4-5.fna.fbcdn.net/v/t51.2885-19/315201752_1552364038547631_7941553298374642697_n.jpg?stp=dst-jpg_s150x150&_nc_ht=instagram.fblr4-5.fna.fbcdn.net&_nc_cat=103&_nc_ohc=Dj7aLH3KxakAX_EUGTF&edm=AOG-cTkBAAAA&ccb=7-5&oh=00_AfCMqBCM0re2-IIap2Jpo7VdXXvgOCru53jIBzhcBJGR5A&oe=6394A5E9&_nc_sid=282b66,false
11775740521,abhishek_sewar,Absk,https://instagram.fblr4-4.fna.fbcdn.net/v/t51.2885-19/278561763_526861042185964_2672300316437331351_n.jpg?stp=dst-jpg_s150x150&_nc_ht=instagram.fblr4-4.fna.fbcdn.net&_nc_cat=104&_nc_ohc=PqHNckB3NtMAX-q1JJR&edm=AOG-cTkBAAAA&ccb=7-5&oh=00_AfB6KqCpgGK2OLQM9eKTj3VEKWFpWfQwXz3djDkj2nRPww&oe=639424D8&_nc_sid=282b66,false
5398142822,dishaaa_mishra,Disha Mishra,https://instagram.fblr4-3.fna.fbcdn.net/v/t51.2885-19/303915214_932293151496200_219841854827622810_n.jpg?stp=dst-jpg_s150x150&_nc_ht=instagram.fblr4-3.fna.fbcdn.net&_nc_cat=108&_nc_ohc=Z_IxydBlZ6AAX9eXJed&edm=AOG-cTkBAAAA&ccb=7-5&oh=00_AfAKJGlM7ws4xm6cSy0gZV0-4MWD2e55IgwMqkNTPaZnKw&oe=639476E9&_nc_sid=282b66,false
4636427491,a.d_v22,Advait,https://instagram.fblr4-2.fna.fbcdn.net/v/t51.2885-19/258803730_181692260757341_2864212288995367586_n.jpg?stp=dst-jpg_s150x150&_nc_ht=instagram.fblr4-2.fna.fbcdn.net&_nc_cat=105&_nc_ohc=zZE3UJM19vQAX_SVHgU&tn=FhJtjmBC5OIOZmJj&edm=AOG-cTkBAAAA&ccb=7-5&oh=00_AfCza9NHvTlW1SZchOUylyu_wicb551jViMSO1qNSlXM-w&oe=6394357E&_nc_sid=282b66,false
3552921617,shashankinnish,Shashank Innish,https://instagram.fblr4-1.fna.fbcdn.net/v/t51.2885-19/73385867_2504678633083453_5934537131006361600_n.jpg?stp=dst-jpg_s150x150&_nc_ht=instagram.fblr4-1.fna.fbcdn.net&_nc_cat=101&_nc_ohc=85JkxCDs_A8AX8e6FAN&edm=AOG-cTkBAAAA&ccb=7-5&oh=00_AfBz-MhIAlLrKJmHQgJfOk6K--vMRC_ReBIPTz2pV6n-Mg&oe=6393D4D0&_nc_sid=282b66,false
4239856312,anish_aralikatti,Anish,https://instagram.fblr4-3.fna.fbcdn.net/v/t51.2885-19/299320488_966385637559021_6302950042794565354_n.jpg?stp=dst-jpg_s150x150&_nc_ht=instagram.fblr4-3.fna.fbcdn.net&_nc_cat=109&_nc_ohc=_kahqnnm80AAX88lNGp&edm=AOG-cTkBAAAA&ccb=7-5&oh=00_AfAdW23V2fGr5LY-WfZMr-gMyRr7Q6vBbibolwMRDWD8iQ&oe=63951C5F&_nc_sid=282b66,false
11787620814,ahmed_._fn,DEO 4KT AHMED,https://instagram.fblr4-2.fna.fbcdn.net/v/t51.2885-19/317237389_848324146405474_1060921786380932693_n.jpg?stp=dst-jpg_s150x150&_nc_ht=instagram.fblr4-2.fna.fbcdn.net&_nc_cat=110&_nc_ohc=wL4_3Ce2bEIAX_mdAlV&edm=AOG-cTkBAAAA&ccb=7-5&oh=00_AfAqHTQq1afe4_2lY-UDvbmXDxLGbz9Qd1YZtUJ0CI9yoQ&oe=6393A234&_nc_sid=282b66,false
39571602381,__k_p_s__,KP,https://instagram.fblr4-4.fna.fbcdn.net/v/t51.2885-19/252208020_409993457390212_2178872339258113836_n.jpg?stp=dst-jpg_s150x150&_nc_ht=instagram.fblr4-4.fna.fbcdn.net&_nc_cat=104&_nc_ohc=bPeJ72L-w6gAX-Wlo7Y&edm=AOG-cTkBAAAA&ccb=7-5&oh=00_AfDb_rUFINyWf5GxgUVvHZu5PZvZHSiEPqfbDkHUPJi2Qg&oe=6393DC9A&_nc_sid=282b66,false
32315324714,xqenoz,,https://instagram.fblr4-2.fna.fbcdn.net/v/t51.2885-19/240995180_654974082558970_2808058841013796403_n.jpg?stp=dst-jpg_s150x150&_nc_ht=instagram.fblr4-2.fna.fbcdn.net&_nc_cat=110&_nc_ohc=WAkyMk65Tu8AX9o-7Lj&tn=FhJtjmBC5OIOZmJj&edm=AOG-cTkBAAAA&ccb=7-5&oh=00_AfDHROx9FHM94KvNaz4Eqy0ShtrcypkWHmgA4UpbwlDdtA&oe=6395146B&_nc_sid=282b66,false
45843058012,archie._.poodle,Archie üß∏,https://instagram.fblr4-3.fna.fbcdn.net/v/t51.2885-19/236347853_819482005416996_8895285543325923043_n.jpg?stp=dst-jpg_s150x150&_nc_ht=instagram.fblr4-3.fna.fbcdn.net&_nc_cat=100&_nc_ohc=E03ojzOJUwUAX-W33JP&edm=AOG-cTkBAAAA&ccb=7-5&oh=00_AfByMef3Pag7uRwhltIBsjidu-I1wb0yPu52iEcl-DCuMA&oe=639454E3&_nc_sid=282b66,false
38968299124,husena.haji,Husnaü¶ã,https://instagram.fdel66-1.fna.fbcdn.net/v/t51.2885-19/44884218_345707102882519_2446069589734326272_n.jpg?_nc_ht=instagram.fdel66-1.fna.fbcdn.net&_nc_cat=1&_nc_ohc=uM88MCE8Dx4AX_GlhUK&edm=ABFeTR8BAAAA&ccb=7-5&ig_cache_key=YW5vbnltb3VzX3Byb2ZpbGVfcGlj.2-ccb7-5&oh=00_AfDQN5HOEQZRpmYxhWv6u-HqNWCb10j6lv0b2PfzVZp8YA&oe=6394944F&_nc_sid=93c1bc,false
20277992955,my.hero.academey,My Hero Academia,https://instagram.fblr4-5.fna.fbcdn.net/v/t51.2885-19/151719026_242849380796231_7856962717948526879_n.jpg?stp=dst-jpg_s150x150&_nc_ht=instagram.fblr4-5.fna.fbcdn.net&_nc_cat=111&_nc_ohc=kxQdjzeToK8AX92Ocnm&edm=AOG-cTkBAAAA&ccb=7-5&oh=00_AfBdoe_hoMgXK-eE28WDb6MMZYnuMF4MGJBNbd01cHTuBQ&oe=6394D0C4&_nc_sid=282b66,false
23151859015,aarav06_,Aarav Kumar,https://instagram.fblr4-4.fna.fbcdn.net/v/t51.2885-19/310442022_588381119643340_2385869767149824570_n.jpg?stp=dst-jpg_s150x150&_nc_ht=instagram.fblr4-4.fna.fbcdn.net&_nc_cat=104&_nc_ohc=Wi4N9cBnhbsAX-pCirX&edm=AOG-cTkBAAAA&ccb=7-5&oh=00_AfA-5VJvk-YcTsxlbM9txessfUimW4cdcJpP_INmwBJiGA&oe=63940B1F&_nc_sid=282b66,false
45511147652,darsh00_,DARSH,https://instagram.fblr4-3.fna.fbcdn.net/v/t51.2885-19/314453925_677034113764608_6626290090664831_n.jpg?stp=dst-jpg_s150x150&_nc_ht=instagram.fblr4-3.fna.fbcdn.net&_nc_cat=100&_nc_ohc=oLsC0MuSv_cAX-RPo0S&edm=AOG-cTkBAAAA&ccb=7-5&oh=00_AfA707ClY3K9hXPK7twjCUJIhH55Dp2oJH2ft-AjzbnizQ&oe=63945A1F&_nc_sid=282b66,false
45668203633,divit_1157,Divit,https://instagram.fblr4-4.fna.fbcdn.net/v/t51.2885-19/152838761_447485042967258_5713278944538883693_n.jpg?stp=dst-jpg_s150x150&_nc_ht=instagram.fblr4-4.fna.fbcdn.net&_nc_cat=106&_nc_ohc=3jpxcPGZkYoAX-cQzjK&edm=AOG-cTkBAAAA&ccb=7-5&oh=00_AfBH0OV7BWic-PsTIssRlU6twr_Jg8vsSSPwTB_EMv2vkw&oe=63935CC6&_nc_sid=282b66,false
30746448813,shaunmoses_23,Shaun ;),https://instagram.fblr4-4.fna.fbcdn.net/v/t51.2885-19/272917260_1343358479480946_2445353899421913705_n.jpg?stp=dst-jpg_s150x150&_nc_ht=instagram.fblr4-4.fna.fbcdn.net&_nc_cat=106&_nc_ohc=GA_MGs3fJSEAX99tXNy&edm=AOG-cTkBAAAA&ccb=7-5&oh=00_AfAvGzRnz64vD9tzk7phKGo8kOUc_oa4LCMcxsv9MEMnbQ&oe=63941254&_nc_sid=282b66,false
45620910376,rabona_dt,,https://instagram.fblr4-5.fna.fbcdn.net/v/t51.2885-19/143237483_241387557481010_698878399558704919_n.jpg?stp=dst-jpg_s150x150&_nc_ht=instagram.fblr4-5.fna.fbcdn.net&_nc_cat=102&_nc_ohc=FEJRxpk62CYAX9s08Uw&edm=AOG-cTkBAAAA&ccb=7-5&oh=00_AfD5_KWafOPre7NA__ID9oB0A6RBFykmxaH27aIw-fhW_g&oe=639520DE&_nc_sid=282b66,false
31296799148,manyasokhanda,Manya Sokhanda,https://instagram.fblr4-5.fna.fbcdn.net/v/t51.2885-19/258779818_4334841033304347_7062461902041630972_n.jpg?stp=dst-jpg_s150x150&_nc_ht=instagram.fblr4-5.fna.fbcdn.net&_nc_cat=103&_nc_ohc=D7NmCY4FFWYAX__ahuZ&edm=AOG-cTkBAAAA&ccb=7-5&oh=00_AfCDT4JJhy8S3NMGKGoWlTn33F0SwtGYFCspomfng4r4xQ&oe=6394B902&_nc_sid=282b66,false
7738360391,giannah.mahtaniii,giannah,https://instagram.fblr4-3.fna.fbcdn.net/v/t51.2885-19/310442071_441249587901273_271994023215171143_n.jpg?stp=dst-jpg_s150x150&_nc_ht=instagram.fblr4-3.fna.fbcdn.net&_nc_cat=109&_nc_ohc=B-sCqbXFGVkAX_NfftS&edm=AOG-cTkBAAAA&ccb=7-5&oh=00_AfCVG_2C7w-C6LJYMweRd9zlgTs0SO5cPzBBjmQsbEzQQQ&oe=6393306D&_nc_sid=282b66,false
6914507002,alykammc,Kamini,https://instagram.fblr4-2.fna.fbcdn.net/v/t51.2885-19/30604194_1797830747192815_8100807812067622912_n.jpg?stp=dst-jpg_s150x150&_nc_ht=instagram.fblr4-2.fna.fbcdn.net&_nc_cat=107&_nc_ohc=G93JsPrW7pEAX_3i8A4&edm=AOG-cTkBAAAA&ccb=7-5&oh=00_AfBHoS8ODvUWsKygIowhBZWmiPNSG_O51wEYNwSRaW54Cg&oe=63941DAF&_nc_sid=282b66,false
8120321650,disrespectfully.naisha,N'4'1'SHA,https://instagram.fblr4-3.fna.fbcdn.net/v/t51.2885-19/311496280_516905000309720_9131207166587358571_n.jpg?stp=dst-jpg_s150x150&_nc_ht=instagram.fblr4-3.fna.fbcdn.net&_nc_cat=108&_nc_ohc=TkCHxsQ-v6YAX_S3fFX&edm=AOG-cTkBAAAA&ccb=7-5&oh=00_AfALZrX49jiTIWKt-YD3-m6r6tGOiDU2xRc2eYOABpmu7Q&oe=6393EEA6&_nc_sid=282b66,false
44892749415,_annaika_2005,annaikaa,https://instagram.fblr4-2.fna.fbcdn.net/v/t51.2885-19/274963757_1278160529341565_5157025064186263757_n.jpg?stp=dst-jpg_s150x150&_nc_ht=instagram.fblr4-2.fna.fbcdn.net&_nc_cat=105&_nc_ohc=GH2L91Mzp6MAX8wjQQ6&edm=AOG-cTkBAAAA&ccb=7-5&oh=00_AfBap-7sPXFh_JG7MtaPDHUBrvTc70I2jfhLv4MdigECjA&oe=63950C14&_nc_sid=282b66,false
44675022090,mitalin2005,mitali,https://instagram.fblr4-5.fna.fbcdn.net/v/t51.2885-19/273990026_1274052883090143_884496686242210166_n.jpg?stp=dst-jpg_s150x150&_nc_ht=instagram.fblr4-5.fna.fbcdn.net&_nc_cat=103&_nc_ohc=mpCOm3iXVaMAX-tkxXv&edm=AOG-cTkBAAAA&ccb=7-5&oh=00_AfAP1x7UNt6Ds-6DkkzBtjp4VCXKDOxLMb16jjARfCs8Ow&oe=639368F3&_nc_sid=282b66,false
2360658680,spurs.hebray,Hebray,https://instagram.fblr4-1.fna.fbcdn.net/v/t51.2885-19/280092171_516409340151985_3945057503998950505_n.jpg?stp=dst-jpg_s150x150&_nc_ht=instagram.fblr4-1.fna.fbcdn.net&_nc_cat=101&_nc_ohc=4wjm5FJ09awAX-vqV-Q&edm=AOG-cTkBAAAA&ccb=7-5&oh=00_AfCtN7ep9EyErfbsMd9hvJFojbw6Vbr2IyGMxVdDu8szVA&oe=63937DE6&_nc_sid=282b66,false
44089693644,deal_with_scifi,deal with scifi,https://instagram.fblr4-1.fna.fbcdn.net/v/t51.2885-19/129132596_1674922492667317_1874266124324459606_n.jpg?stp=dst-jpg_s150x150&_nc_ht=instagram.fblr4-1.fna.fbcdn.net&_nc_cat=101&_nc_ohc=g5oJHaF2_q0AX-2VDWF&edm=AOG-cTkBAAAA&ccb=7-5&oh=00_AfDoBEIboSfR86vracgZXEDLqKJCJ1svkHmOsvtzWhvskg&oe=6394736C&_nc_sid=282b66,false
11554767945,mazenn.hanyy,Mazen Hany,https://instagram.fblr4-4.fna.fbcdn.net/v/t51.2885-19/277703153_1636789399987468_727657351200994060_n.jpg?stp=dst-jpg_s150x150&_nc_ht=instagram.fblr4-4.fna.fbcdn.net&_nc_cat=104&_nc_ohc=RBgTOSqOipgAX_pZOEz&edm=AOG-cTkBAAAA&ccb=7-5&oh=00_AfADYMVbHOj1ubmoZ--kzjzDSdJH5MrHBevVksXFx3ayFg&oe=63945E01&_nc_sid=282b66,false
37332324001,gcmapas,,https://instagram.fblr4-3.fna.fbcdn.net/v/t51.2885-19/105999591_740408810094297_2529256429094814227_n.jpg?stp=dst-jpg_s150x150&_nc_ht=instagram.fblr4-3.fna.fbcdn.net&_nc_cat=109&_nc_ohc=ViYtqSrQPe0AX-RoF21&edm=AOG-cTkBAAAA&ccb=7-5&oh=00_AfBC8WI0TvuvmxeHKJrz9HX0Et5laFxto9hmgTHjTTIzHw&oe=6393EF50&_nc_sid=282b66,false
4620505752,myzedua,Zedua,https://instagram.fblr4-2.fna.fbcdn.net/v/t51.2885-19/20759496_1933194636902767_6605988270541111296_a.jpg?stp=dst-jpg_s150x150&_nc_ht=instagram.fblr4-2.fna.fbcdn.net&_nc_cat=107&_nc_ohc=Am5hZ8nF47kAX-Kqr2W&edm=AOG-cTkBAAAA&ccb=7-5&oh=00_AfAjWekrUPRcVlFVfquM-Rb-UL8-cNOo2jxAJKgcMaqJdg&oe=6393DCFB&_nc_sid=282b66,false
7005674431,tigerlily.pt2,paris,https://instagram.fblr4-5.fna.fbcdn.net/v/t51.2885-19/316306652_642257150970335_161361989520815066_n.jpg?stp=dst-jpg_s150x150&_nc_ht=instagram.fblr4-5.fna.fbcdn.net&_nc_cat=111&_nc_ohc=zUed1q53jvoAX8wxvby&tn=FhJtjmBC5OIOZmJj&edm=AOG-cTkBAAAA&ccb=7-5&oh=00_AfBsVtetKtsWhGwzQpANf_m2Si3SNH7zfUsyKPfxxP8S7Q&oe=639455EC&_nc_sid=282b66,false
13600328777,anahita_misra,Anahita Misra,https://instagram.fblr4-5.fna.fbcdn.net/v/t51.2885-19/287066393_1499964900424334_3260841669959941016_n.jpg?stp=dst-jpg_s150x150&_nc_ht=instagram.fblr4-5.fna.fbcdn.net&_nc_cat=102&_nc_ohc=qKmKtvrYOKsAX_438mg&edm=AOG-cTkBAAAA&ccb=7-5&oh=00_AfBrUFXacfysrmqTnoKtvlJ7XGs8frhQvPkbCFDDiRlraQ&oe=63938832&_nc_sid=282b66,false
28367653426,ar.jun_1305,ARJUN,https://instagram.fblr4-3.fna.fbcdn.net/v/t51.2885-19/316300057_672592837609580_929559520229023008_n.jpg?stp=dst-jpg_s150x150&_nc_ht=instagram.fblr4-3.fna.fbcdn.net&_nc_cat=108&_nc_ohc=tfO5kpsIidwAX-8kvtb&edm=AOG-cTkBAAAA&ccb=7-5&oh=00_AfAbelo9aIPKW8tNVGSK-UAOkAPoBcxaw_bcE0Ws3wpEgA&oe=6393C8E2&_nc_sid=282b66,false
41180363333,eeksha26,eekshavikrammasand,https://instagram.fblr4-2.fna.fbcdn.net/v/t51.2885-19/312449882_614069227174123_3882641282962559334_n.jpg?stp=dst-jpg_s150x150&_nc_ht=instagram.fblr4-2.fna.fbcdn.net&_nc_cat=107&_nc_ohc=O1S1CqvtkJkAX8x7La3&edm=AOG-cTkBAAAA&ccb=7-5&oh=00_AfBSCEZ37BPUFypR4RsfAh3RuP2qtPyFhg-m4Bu-G8Om_w&oe=6394A5FE&_nc_sid=282b66,false
29847359147,keith.mathew2209,üëª,https://instagram.fblr4-2.fna.fbcdn.net/v/t51.2885-19/240448920_363798828733351_4762545795776421025_n.jpg?stp=dst-jpg_s150x150&_nc_ht=instagram.fblr4-2.fna.fbcdn.net&_nc_cat=107&_nc_ohc=zgm2mDoqEWAAX8GNCqz&edm=AOG-cTkBAAAA&ccb=7-5&oh=00_AfDlOrB-NQ_sbG4VW3SelZU2iv2cxglMCmef4e0zSrzhSw&oe=63944BB5&_nc_sid=282b66,false
9527708907,pehal_kapasi,pehal,https://instagram.fblr4-2.fna.fbcdn.net/v/t51.2885-19/314932127_496869775803941_1028888970657392957_n.jpg?stp=dst-jpg_s150x150&_nc_ht=instagram.fblr4-2.fna.fbcdn.net&_nc_cat=105&_nc_ohc=56rS3vj3Ov8AX9Ylh7q&tn=FhJtjmBC5OIOZmJj&edm=AOG-cTkBAAAA&ccb=7-5&oh=00_AfDoAF9LB5kixJJzvWb4b-b3wpMdzfRjvLp5GmaGJGBfCw&oe=639346D4&_nc_sid=282b66,false
6253701133,cheena_215,Cheena Srivastava,https://instagram.fblr4-5.fna.fbcdn.net/v/t51.2885-19/286694845_557895465834491_2078212535875734582_n.jpg?stp=dst-jpg_s150x150&_nc_ht=instagram.fblr4-5.fna.fbcdn.net&_nc_cat=111&_nc_ohc=2J1wkmcJih4AX__Bgx-&edm=AOG-cTkBAAAA&ccb=7-5&oh=00_AfBcwS7cxXgRdtfPBB12Y7hEsBW7-dsHyaMWyrjBs4xQEQ&oe=63942935&_nc_sid=282b66,false
35772408067,raw7o7,Ôº° ÔΩÖ ÔΩì ÔΩî ÔΩà ÔΩÖ ÔΩî ÔΩâ ÔΩÉ ÔΩì,https://instagram.fblr4-5.fna.fbcdn.net/v/t51.2885-19/120288202_670709723573534_4242636620502638755_n.jpg?stp=dst-jpg_s150x150&_nc_ht=instagram.fblr4-5.fna.fbcdn.net&_nc_cat=102&_nc_ohc=LgbcIhSG_FEAX_Vp9M7&edm=AOG-cTkBAAAA&ccb=7-5&oh=00_AfCkEqY5qekW0NjFiYP3smkyfG82h0O9NMVp0MuzEjssQQ&oe=63933BEC&_nc_sid=282b66,false
38563525149,alyssamc_11,a.,https://instagram.fblr4-3.fna.fbcdn.net/v/t51.2885-19/308193539_192937133184224_7047910153453215804_n.jpg?stp=dst-jpg_s150x150&_nc_ht=instagram.fblr4-3.fna.fbcdn.net&_nc_cat=108&_nc_ohc=iAfIyD_nJiIAX_kHAbl&edm=AOG-cTkBAAAA&ccb=7-5&oh=00_AfBrXk7sC6-27GZMCGwYnXQ0Y2lwHjbBXCt62M8zJ3LX1w&oe=63949F0E&_nc_sid=282b66,false
40494384552,cslauncher397,Ruhaan,https://instagram.fblr4-5.fna.fbcdn.net/v/t51.2885-19/314922172_665081861811087_7302253784625623087_n.jpg?stp=dst-jpg_s150x150&_nc_ht=instagram.fblr4-5.fna.fbcdn.net&_nc_cat=103&_nc_ohc=uyIljkVAJJAAX8t-pkL&edm=AOG-cTkBAAAA&ccb=7-5&oh=00_AfCZuZJ7CBzeK9tst4hWiwiNkhLCUFwppZnnlM5-TrQeqA&oe=6394011A&_nc_sid=282b66,false
7202918797,shea_welsh_institute_of_jazz,Shea Welsh,https://instagram.fblr4-3.fna.fbcdn.net/v/t51.2885-19/28156707_1588507741263704_8211303692662472704_n.jpg?stp=dst-jpg_s150x150&_nc_ht=instagram.fblr4-3.fna.fbcdn.net&_nc_cat=108&_nc_ohc=jbI78qlELgMAX8rYmqO&edm=AOG-cTkBAAAA&ccb=7-5&oh=00_AfBGDDQZSeimQpY6cG9i2GFS-hqqFtsx2QKTm8AporbyyQ&oe=6393A059&_nc_sid=282b66,false
222584518,sheawelsh,Shea Welsh,https://instagram.fblr4-1.fna.fbcdn.net/v/t51.2885-19/10724906_1532906543620525_1496330902_a.jpg?_nc_ht=instagram.fblr4-1.fna.fbcdn.net&_nc_cat=101&_nc_ohc=O9etqRNBGVMAX9mHgOJ&edm=AOG-cTkBAAAA&ccb=7-5&oh=00_AfD_JQZmmOPSSeErvB2JLQkp__ox_L6FzWUn_RQQJw2YDw&oe=6394FA34&_nc_sid=282b66,false
34445056227,sans.archives,Sanjana,https://instagram.fblr4-3.fna.fbcdn.net/v/t51.2885-19/269768275_137251592057256_4937422522169760697_n.jpg?stp=dst-jpg_s150x150&_nc_ht=instagram.fblr4-3.fna.fbcdn.net&_nc_cat=100&_nc_ohc=KUmVnrJsPzgAX-FpCLN&edm=AOG-cTkBAAAA&ccb=7-5&oh=00_AfB4CIJNN2xJD1lvNRa5elZKrVnXDjJP4eykEFcdDTvYBA&oe=6393D111&_nc_sid=282b66,false
39230450905,bisgr8.fanpage,Follow @bis.grade.8,https://instagram.fkul6-1.fna.fbcdn.net/v/t51.2885-19/44884218_345707102882519_2446069589734326272_n.jpg?efg=eyJybWQiOiJpZ19hbmRyb2lkX21vYmlsZV9uZXR3b3JrX3N0YWNrX3RpZ29uX21uc18yNTlfcmJzX3Y0OnRpZ29uX21ucyJ9&_nc_ad=z-m&_nc_ht=instagram.fkul6-1.fna.fbcdn.net&_nc_cat=1&_nc_ohc=uM88MCE8Dx4AX_OPqjl&edm=AA0lj5EBAAAA&ccb=7-5&ig_cache_key=YW5vbnltb3VzX3Byb2ZpbGVfcGlj.2-ccb7-5&oh=00_AfCIwgSQ_3Kc2kkS3tEGfpjdarbxpRxR-kCMFS0vGDYu4A&oe=6394944F&_nc_sid=3add00,false
26010156497,tanisha_denson06,‚ú®‚ú®Tanisha denson ‚ú®‚ú®,https://instagram.fblr4-4.fna.fbcdn.net/v/t51.2885-19/312710191_414635530875546_1039311462098098434_n.jpg?stp=dst-jpg_s150x150&_nc_ht=instagram.fblr4-4.fna.fbcdn.net&_nc_cat=106&_nc_ohc=Wni60TXaQ64AX9D2qWh&edm=AOG-cTkBAAAA&ccb=7-5&oh=00_AfDxVrZmTJhtYPK9F4G2sHAfOKlOGFQFDeNwhoHrDYgWIA&oe=6393CC08&_nc_sid=282b66,false
4223063227,trisha.lad,trisha,https://instagram.fblr4-5.fna.fbcdn.net/v/t51.2885-19/288452588_1014143665913367_8901224327712954342_n.jpg?stp=dst-jpg_s150x150&_nc_ht=instagram.fblr4-5.fna.fbcdn.net&_nc_cat=103&_nc_ohc=T7mBHbMy8o8AX9zyCOU&edm=AOG-cTkBAAAA&ccb=7-5&oh=00_AfD9FQdSeJgOCmSJIhyM675XudvfGIF29cF3sgxsqz0KoQ&oe=639373AF&_nc_sid=282b66,false
36989085460,tek_unknown,Tek unknown,https://instagram.fblr4-3.fna.fbcdn.net/v/t51.2885-19/101798871_586001952329732_1809673857305411584_n.jpg?stp=dst-jpg_s150x150&_nc_ht=instagram.fblr4-3.fna.fbcdn.net&_nc_cat=108&_nc_ohc=GNRYEIqjRc4AX_6hhDb&tn=FhJtjmBC5OIOZmJj&edm=AOG-cTkBAAAA&ccb=7-5&oh=00_AfDWQNS4JgZaoWabBxxBRW0yTaCHyFH_PcU9ntKBpp2wUQ&oe=63942B9E&_nc_sid=282b66,false
27404968948,jwalkinn_,jackson,https://instagram.fblr4-2.fna.fbcdn.net/v/t51.2885-19/169983339_727015364645237_6372645707941384689_n.jpg?stp=dst-jpg_s150x150&_nc_ht=instagram.fblr4-2.fna.fbcdn.net&_nc_cat=105&_nc_ohc=tIqvpSpgj6MAX_rseJ_&edm=AOG-cTkBAAAA&ccb=7-5&oh=00_AfDqLudybVIg5Lu-Nhc9dhs_Bo8OM__7uzQrzHO3yReQpg&oe=63940019&_nc_sid=282b66,false
36011953079,djjo.y,joy,https://instagram.fblr4-2.fna.fbcdn.net/v/t51.2885-19/97282210_2628779594024206_3660636162940207104_n.jpg?stp=dst-jpg_s150x150&_nc_ht=instagram.fblr4-2.fna.fbcdn.net&_nc_cat=110&_nc_ohc=O4Sl9dw4iRsAX8J47m4&edm=AOG-cTkBAAAA&ccb=7-5&oh=00_AfDI7u02vZ0kcarFiHtV2cUMjyAOntZ2mbIS7Lp06G8iHA&oe=6394179C&_nc_sid=282b66,false
31975113085,mira_nair_xo,‚ô°Mira‚ô°,https://instagram.fblr4-1.fna.fbcdn.net/v/t51.2885-19/306067279_122138560444189_4319400009808429419_n.jpg?stp=dst-jpg_s150x150&_nc_ht=instagram.fblr4-1.fna.fbcdn.net&_nc_cat=101&_nc_ohc=UZmN7UPfrF8AX_knXly&edm=AOG-cTkBAAAA&ccb=7-5&oh=00_AfA4FXjct2z0BUj_j2Xq3bUBk7FBGNa1bB3peCOGLyT_cw&oe=63946631&_nc_sid=282b66,false
34099837065,rytzie_art_music,rytasha,https://instagram.fblr4-2.fna.fbcdn.net/v/t51.2885-19/162194120_1950899195058910_8610996295384177613_n.jpg?stp=dst-jpg_s150x150&_nc_ht=instagram.fblr4-2.fna.fbcdn.net&_nc_cat=110&_nc_ohc=I6aD9hKGIkAAX8dPauq&edm=AOG-cTkBAAAA&ccb=7-5&oh=00_AfAAE4t-rnuAdsavEhJS32h4CQfygZTilB2l10oGquA9Cw&oe=639450F9&_nc_sid=282b66,false
9128947443,manushridhanakoti,Manushri Dhanakoti,https://instagram.fblr4-3.fna.fbcdn.net/v/t51.2885-19/142942445_260459135517801_2083854428840842279_n.jpg?stp=dst-jpg_s150x150&_nc_ht=instagram.fblr4-3.fna.fbcdn.net&_nc_cat=109&_nc_ohc=CNNsbrBlHasAX_7OB1U&edm=AOG-cTkBAAAA&ccb=7-5&oh=00_AfA1jKP9TqjntEN1nJzJAqRPII8hhOv0SHq-JzhGjauMiw&oe=639398FE&_nc_sid=282b66,false
23340216025,kushal.katamreddy,Kushal Katamreddy,https://instagram.fblr4-2.fna.fbcdn.net/v/t51.2885-19/312800707_1268889823912495_2896257059932688180_n.jpg?stp=dst-jpg_s150x150&_nc_ht=instagram.fblr4-2.fna.fbcdn.net&_nc_cat=107&_nc_ohc=Sb53hajPIZcAX88PDIl&edm=AOG-cTkBAAAA&ccb=7-5&oh=00_AfD2rbpNLO8JyQDlc0yny7i4kCNhpwS7I8X84KyELYxFPw&oe=6394CD8D&_nc_sid=282b66,false
5939111399,divyajain_170476,,https://instagram.fkul6-1.fna.fbcdn.net/v/t51.2885-19/44884218_345707102882519_2446069589734326272_n.jpg?efg=eyJybWQiOiJpZ19hbmRyb2lkX21vYmlsZV9uZXR3b3JrX3N0YWNrX3RpZ29uX21uc18yNTlfcmJzX3Y0OnRpZ29uX21ucyJ9&_nc_ad=z-m&_nc_ht=instagram.fkul6-1.fna.fbcdn.net&_nc_cat=1&_nc_ohc=uM88MCE8Dx4AX_OPqjl&edm=AA0lj5EBAAAA&ccb=7-5&ig_cache_key=YW5vbnltb3VzX3Byb2ZpbGVfcGlj.2-ccb7-5&oh=00_AfCIwgSQ_3Kc2kkS3tEGfpjdarbxpRxR-kCMFS0vGDYu4A&oe=6394944F&_nc_sid=3add00,false
17713705798,srilaxman.priv,srilaxman.thiru,https://instagram.fblr4-1.fna.fbcdn.net/v/t51.2885-19/254108341_4621940904540349_8174550618303157873_n.jpg?stp=dst-jpg_s150x150&_nc_ht=instagram.fblr4-1.fna.fbcdn.net&_nc_cat=101&_nc_ohc=VjW_aZvxm24AX-tXkFE&edm=AOG-cTkBAAAA&ccb=7-5&oh=00_AfDwhca5ZS85935rfm71FzoWZv2-s1nX9xckKP9hUR9gKw&oe=6393407E&_nc_sid=282b66,false
31604236958,sanspaamzz,sanjuuu,https://instagram.fblr4-3.fna.fbcdn.net/v/t51.2885-19/279605987_418225400135169_9146628412707141119_n.jpg?stp=dst-jpg_s150x150&_nc_ht=instagram.fblr4-3.fna.fbcdn.net&_nc_cat=109&_nc_ohc=EEXs31FHfs4AX9N1ihZ&tn=FhJtjmBC5OIOZmJj&edm=AOG-cTkBAAAA&ccb=7-5&oh=00_AfCTA1YIYzQA6B3sOV1fNvQyj6PbjVuUCa2dOO4tXQJ2cA&oe=6393A06F&_nc_sid=282b66,false
18125287796,letyourmomlickmepls,,https://instagram.fblr4-1.fna.fbcdn.net/v/t51.2885-19/289086609_557897229167449_7672227965371749706_n.jpg?stp=dst-jpg_s150x150&_nc_ht=instagram.fblr4-1.fna.fbcdn.net&_nc_cat=101&_nc_ohc=d3FaeDQgvo4AX-0cjMz&edm=AOG-cTkBAAAA&ccb=7-5&oh=00_AfBKzs9I0vwcu-T35lgJyv0PUVqDh2lXZ6rJuk4CaYs2MQ&oe=6394476D&_nc_sid=282b66,false
3108587149,anoushka1231,anoushka,https://instagram.fblr4-4.fna.fbcdn.net/v/t51.2885-19/273255462_360280395586492_6038208473982951775_n.jpg?stp=dst-jpg_s150x150&_nc_ht=instagram.fblr4-4.fna.fbcdn.net&_nc_cat=104&_nc_ohc=uSih8oNHJUYAX9_a6xL&edm=AOG-cTkBAAAA&ccb=7-5&oh=00_AfD6CjQ8Sw9hPGQgKnt7ZBO_qOp5fUU_cFtb4nAPkiBg0Q&oe=6393CBDE&_nc_sid=282b66,false
31209907791,jayin._.khatri,Jayin._.khatri,https://instagram.fblr4-2.fna.fbcdn.net/v/t51.2885-19/84350682_563889537807329_3405995480469995520_n.jpg?stp=dst-jpg_s150x150&_nc_ht=instagram.fblr4-2.fna.fbcdn.net&_nc_cat=105&_nc_ohc=HsJ6xaEJq4MAX_CzcpD&tn=FhJtjmBC5OIOZmJj&edm=AOG-cTkBAAAA&ccb=7-5&oh=00_AfCIj7F0WiHkYQp4Tv8NvmNCLei5-lBFbm47LBeEqUsxHg&oe=6394AE4F&_nc_sid=282b66,false
32160056318,sanram2006,Sanjana:),https://instagram.fblr4-3.fna.fbcdn.net/v/t51.2885-19/269812687_1026085938233961_4620916140324755740_n.jpg?stp=dst-jpg_s150x150&_nc_ht=instagram.fblr4-3.fna.fbcdn.net&_nc_cat=109&_nc_ohc=Fbmr0OOZHr0AX_NIopt&edm=AOG-cTkBAAAA&ccb=7-5&oh=00_AfBwlkBnEDnzdWtBRUGJNRK-Wz-P5Z6XEDGtJLRWNOeq7w&oe=639440CC&_nc_sid=282b66,false
31571036874,rakash.19,rakash.19,https://instagram.fblr4-3.fna.fbcdn.net/v/t51.2885-19/89453474_1509938702488596_1659809662230331392_n.jpg?stp=dst-jpg_s150x150&_nc_ht=instagram.fblr4-3.fna.fbcdn.net&_nc_cat=100&_nc_ohc=gsekrkJKmjEAX-cNzF3&edm=AOG-cTkBAAAA&ccb=7-5&oh=00_AfDt64cxuUyJHmQkqqbH4ju_TgUocJVAhKF_PIP3mSQOzg&oe=6395058C&_nc_sid=282b66,false
26943446251,sam_music22,sam,https://instagram.fblr4-5.fna.fbcdn.net/v/t51.2885-19/78711355_1718023755000903_4970320211459702784_n.jpg?stp=dst-jpg_s150x150&_nc_ht=instagram.fblr4-5.fna.fbcdn.net&_nc_cat=103&_nc_ohc=PNr1OpadjzoAX8uJ9LF&edm=AOG-cTkBAAAA&ccb=7-5&oh=00_AfDQruaa19Msx_7FKIA8LoRaZiOg3AKKcWE5B2RZGA3FfQ&oe=6393B048&_nc_sid=282b66,false
7276010558,matthew._.k,Matthew,https://instagram.fblr4-3.fna.fbcdn.net/v/t51.2885-19/296218822_180795417718592_2499102575407365432_n.jpg?stp=dst-jpg_s150x150&_nc_ht=instagram.fblr4-3.fna.fbcdn.net&_nc_cat=108&_nc_ohc=_xK2qZg4AMsAX9BjYEE&edm=AOG-cTkBAAAA&ccb=7-5&oh=00_AfCBALLJsaK5_DK3FoYWnjKKgEBhutILklS0ksiHyFi5qw&oe=6393E3B1&_nc_sid=282b66,false
20728136223,zoey_blr,Zoey,https://instagram.fblr4-2.fna.fbcdn.net/v/t51.2885-19/71102530_2510875792324409_8985684685518536704_n.jpg?stp=dst-jpg_s150x150&_nc_ht=instagram.fblr4-2.fna.fbcdn.net&_nc_cat=105&_nc_ohc=xLHWVXNcFMAAX-yeJnO&edm=AOG-cTkBAAAA&ccb=7-5&oh=00_AfCt2gaCfnWcf-7Ux5Iga_Rc1_hQrxSjQ7Gb_-bQ3j2VRg&oe=639340AE&_nc_sid=282b66,false
202795604,kaminisc,,https://instagram.fblr4-4.fna.fbcdn.net/v/t51.2885-19/40500152_782072621990790_7740593844164493312_n.jpg?stp=dst-jpg_s150x150&_nc_ht=instagram.fblr4-4.fna.fbcdn.net&_nc_cat=106&_nc_ohc=yoiBNwNrCK0AX8-aYnm&edm=AOG-cTkBAAAA&ccb=7-5&oh=00_AfCaZhZJ7G9kuCQdsGTmLt_A6Y_gH5oLqoPbLUnf5zijzg&oe=6393900B&_nc_sid=282b66,false
6928789563,vedankkumarsingh,vedank kumar singh,https://instagram.fblr4-3.fna.fbcdn.net/v/t51.2885-19/70832900_242398473336513_7124544084781301760_n.jpg?stp=dst-jpg_s150x150&_nc_ht=instagram.fblr4-3.fna.fbcdn.net&_nc_cat=109&_nc_ohc=1IZox27II24AX8mbmX7&edm=AOG-cTkBAAAA&ccb=7-5&oh=00_AfC-xI4tywZwuCOCCRN1WFFzssmsmOGnqbPnbYoKIBSlnw&oe=6393AF67&_nc_sid=282b66,false
10434633162,siyabajaj12,siya,https://instagram.fblr4-1.fna.fbcdn.net/v/t51.2885-19/298295851_760075168563433_994809649344590959_n.jpg?stp=dst-jpg_s150x150&_nc_ht=instagram.fblr4-1.fna.fbcdn.net&_nc_cat=101&_nc_ohc=UoVzP9RbqpAAX8wizNY&edm=AOG-cTkBAAAA&ccb=7-5&oh=00_AfBeqRudHIoQTFwHQ7cWgyGErs5ILNsprkttBZztc7ZnlQ&oe=639397C3&_nc_sid=282b66,false
21477977693,dhruv__.896,dhruv maheshwari,https://instagram.fblr4-4.fna.fbcdn.net/v/t51.2885-19/308209493_195875486161134_39456869881993135_n.jpg?stp=dst-jpg_s150x150&_nc_ht=instagram.fblr4-4.fna.fbcdn.net&_nc_cat=106&_nc_ohc=gS_MYTu-QZEAX8LFhko&edm=AOG-cTkBAAAA&ccb=7-5&oh=00_AfAkMjEWsHjYK4ityOhi1BFEsvCfcqbTDfqMhsNI3XPkvw&oe=639513F6&_nc_sid=282b66,false
7270886770,dyujoy16,DJ,https://instagram.fblr4-3.fna.fbcdn.net/v/t51.2885-19/305875394_429278572569072_4753353452667134793_n.jpg?stp=dst-jpg_s150x150&_nc_ht=instagram.fblr4-3.fna.fbcdn.net&_nc_cat=100&_nc_ohc=GoeGLbTHi6wAX9nko2L&edm=AOG-cTkBAAAA&ccb=7-5&oh=00_AfCRe5SMs7EyvPxzwCFdqP5mRA7QJ8_1gbIoJ6DU7iRw-Q&oe=63941270&_nc_sid=282b66,false
7989167140,aryaa.gurjar,aryaa,https://instagram.fblr4-3.fna.fbcdn.net/v/t51.2885-19/288966916_349550973997824_7733762507117738515_n.jpg?stp=dst-jpg_s150x150&_nc_ht=instagram.fblr4-3.fna.fbcdn.net&_nc_cat=100&_nc_ohc=KQGVTNJAQgAAX9vf6EK&edm=AOG-cTkBAAAA&ccb=7-5&oh=00_AfAbjls5PosDpS3LBeecXmcTDs5dhgROPh4B2mC89kFn6g&oe=63944B03&_nc_sid=282b66,false
19720233624,abhi046__,Abhiraj,https://instagram.fblr4-2.fna.fbcdn.net/v/t51.2885-19/242120735_217284480454678_8586673812302176662_n.jpg?stp=dst-jpg_s150x150&_nc_ht=instagram.fblr4-2.fna.fbcdn.net&_nc_cat=110&_nc_ohc=qjmK903noFUAX8La7V3&edm=AOG-cTkBAAAA&ccb=7-5&oh=00_AfBhStH5Qm87CluxtaDX1tFGDSE3dISEfb6rBAVCRMOjjQ&oe=63942620&_nc_sid=282b66,false
7860471177,adhya_satish,Adhya,https://instagram.fblr4-2.fna.fbcdn.net/v/t51.2885-19/291452162_377062364529346_2433586162231656755_n.jpg?stp=dst-jpg_s150x150&_nc_ht=instagram.fblr4-2.fna.fbcdn.net&_nc_cat=110&_nc_ohc=YLg-ggJ3zhYAX-qMwZF&edm=AOG-cTkBAAAA&ccb=7-5&oh=00_AfA8JBB47ZbURHPv7M9Nu-RHx6pf56XSv_foYIFtK_Ifgg&oe=63951FBA&_nc_sid=282b66,false
28184654549,rytzieee_241,Rytashaüíú,https://instagram.fblr4-2.fna.fbcdn.net/v/t51.2885-19/305124196_813532186505357_4709119754409368094_n.jpg?stp=dst-jpg_s150x150&_nc_ht=instagram.fblr4-2.fna.fbcdn.net&_nc_cat=105&_nc_ohc=q-ao5GSYTX8AX_PfrBC&edm=AOG-cTkBAAAA&ccb=7-5&oh=00_AfDxMtS7oUSMluFKnqss5j60vIu17UNuon9sjdzNo_oNug&oe=6393F34A&_nc_sid=282b66,false
27738551802,pran.eelpriv,,https://instagram.fblr4-5.fna.fbcdn.net/v/t51.2885-19/98040989_238582427420039_4359418640395665408_n.jpg?stp=dst-jpg_s150x150&_nc_ht=instagram.fblr4-5.fna.fbcdn.net&_nc_cat=111&_nc_ohc=vsQj2Jr47fcAX_TdQMg&edm=AOG-cTkBAAAA&ccb=7-5&oh=00_AfAB0EdJDX9cGcHrnHdb3A815jM0jG-wWhxyaF8u5zJf3w&oe=63947FDE&_nc_sid=282b66,false
5697165197,chiragarcot,chirag,https://instagram.fblr4-4.fna.fbcdn.net/v/t51.2885-19/295455852_810060713739028_8657483997021420533_n.jpg?stp=dst-jpg_s150x150&_nc_ht=instagram.fblr4-4.fna.fbcdn.net&_nc_cat=104&_nc_ohc=oDR1F1LAypoAX_SxG8X&tn=FhJtjmBC5OIOZmJj&edm=AOG-cTkBAAAA&ccb=7-5&oh=00_AfCcXFwNPwBZd80e_PiUfmxTuHPci6AEHgWz6zKg53Vkow&oe=6393D5AA&_nc_sid=282b66,false
6810001722,_chengapa,Chengapa  öœä…û,https://instagram.fblr4-4.fna.fbcdn.net/v/t51.2885-19/231294091_361056962195970_8194295832056356193_n.jpg?stp=dst-jpg_s150x150&_nc_ht=instagram.fblr4-4.fna.fbcdn.net&_nc_cat=106&_nc_ohc=ffplm9R3YSwAX-XarW9&edm=AOG-cTkBAAAA&ccb=7-5&oh=00_AfCu7jss0zNV2zw4Lbp8Z3-s-H3aHRYZAoIBz0DAwQpqpg&oe=63933F2F&_nc_sid=282b66,false
26296781532,harinis.85,Harini,https://instagram.fblr4-5.fna.fbcdn.net/v/t51.2885-19/307455105_1231965367643175_6164280803305985885_n.jpg?stp=dst-jpg_s150x150&_nc_ht=instagram.fblr4-5.fna.fbcdn.net&_nc_cat=103&_nc_ohc=po8wsWdKEcsAX8T7DJM&edm=AOG-cTkBAAAA&ccb=7-5&oh=00_AfBgMQR8bArYfY0BqqKlE4yFtSQ79OoPjWoxzYDA3N8WWg&oe=6394C69C&_nc_sid=282b66,false
8506857705,m3h.3r,ùê¶ùêûùê°ùêûùê´,https://instagram.fblr4-3.fna.fbcdn.net/v/t51.2885-19/314021625_891709575323264_2549609971536765503_n.jpg?stp=dst-jpg_s150x150&_nc_ht=instagram.fblr4-3.fna.fbcdn.net&_nc_cat=108&_nc_ohc=-j41wcGST1sAX-4UPtq&edm=AOG-cTkBAAAA&ccb=7-5&oh=00_AfCBCeKqKGx1O_OwXJmEBe7F3VeyrJxqiEWKKxGFhCzGMw&oe=6393D5DC&_nc_sid=282b66,false
16960570291,dont___follow_this_pls,DONT FOLLOW THIS PLS,https://scontent-ssn1-1.cdninstagram.com/v/t51.2885-19/44884218_345707102882519_2446069589734326272_n.jpg?_nc_ht=scontent-ssn1-1.cdninstagram.com&_nc_cat=1&_nc_ohc=uM88MCE8Dx4AX8TC5KX&edm=AEF8tYYBAAAA&ccb=7-5&ig_cache_key=YW5vbnltb3VzX3Byb2ZpbGVfcGlj.2-ccb7-5&oh=00_AfA5DZ87vUXg9A8On9GGAh0HuM1jRNBRwJGolMOoZhVjZw&oe=6394944F&_nc_sid=a9513d,false
26405581532,alfieoughton08,Alfie,https://scontent-ssn1-1.cdninstagram.com/v/t51.2885-19/44884218_345707102882519_2446069589734326272_n.jpg?_nc_ht=scontent-ssn1-1.cdninstagram.com&_nc_cat=1&_nc_ohc=uM88MCE8Dx4AX8TC5KX&edm=AEF8tYYBAAAA&ccb=7-5&ig_cache_key=YW5vbnltb3VzX3Byb2ZpbGVfcGlj.2-ccb7-5&oh=00_AfA5DZ87vUXg9A8On9GGAh0HuM1jRNBRwJGolMOoZhVjZw&oe=6394944F&_nc_sid=a9513d,false
1533303838,jordan_menzel5,Jordan Menzel,https://instagram.fblr4-3.fna.fbcdn.net/v/t51.2885-19/297552866_1273739756363805_9178858408430890590_n.jpg?stp=dst-jpg_s150x150&_nc_ht=instagram.fblr4-3.fna.fbcdn.net&_nc_cat=109&_nc_ohc=mjODdzT9IWMAX8DqBap&edm=AOG-cTkBAAAA&ccb=7-5&oh=00_AfCAwmm0FIFkDHOTOL5MXk4qERfvW-4lNJ852HQ5RWQ46w&oe=6394C1CD&_nc_sid=282b66,false
5706314715,ahaan_013,Ahaan_13,https://instagram.fblr4-5.fna.fbcdn.net/v/t51.2885-19/307339321_471119751587543_314395984638164714_n.jpg?stp=dst-jpg_s150x150&_nc_ht=instagram.fblr4-5.fna.fbcdn.net&_nc_cat=111&_nc_ohc=uWtiovp9fLIAX-ZM82i&edm=AOG-cTkBAAAA&ccb=7-5&oh=00_AfDtdVq1seAhP-eRQ0I_JEfjLDhaXoQIK77JZvfJGPjaCA&oe=63939019&_nc_sid=282b66,false
4703019331,ryan.e_25,Ryan Edwin,https://instagram.fblr4-3.fna.fbcdn.net/v/t51.2885-19/302501679_156096413740569_5836276333274752148_n.jpg?stp=dst-jpg_s150x150&_nc_ht=instagram.fblr4-3.fna.fbcdn.net&_nc_cat=109&_nc_ohc=b-QtHY4g_9QAX-laa-v&edm=AOG-cTkBAAAA&ccb=7-5&oh=00_AfC6PTl-ec2BZiZtpLOOPs3ScdOYotZ7jM4rp-2AdhZonw&oe=6394FEAC&_nc_sid=282b66,false
22599864642,siddhantnavaratna07,Siddhant Navaratna The Yeet,https://scontent-ssn1-1.cdninstagram.com/v/t51.2885-19/44884218_345707102882519_2446069589734326272_n.jpg?_nc_ht=scontent-ssn1-1.cdninstagram.com&_nc_cat=1&_nc_ohc=uM88MCE8Dx4AX8TC5KX&edm=AEF8tYYBAAAA&ccb=7-5&ig_cache_key=YW5vbnltb3VzX3Byb2ZpbGVfcGlj.2-ccb7-5&oh=00_AfA5DZ87vUXg9A8On9GGAh0HuM1jRNBRwJGolMOoZhVjZw&oe=6394944F&_nc_sid=a9513d,false
7521012026,simranmehraa,Simran,https://instagram.fblr4-5.fna.fbcdn.net/v/t51.2885-19/275714498_2074039159437770_6238924911680509324_n.jpg?stp=dst-jpg_s150x150&_nc_ht=instagram.fblr4-5.fna.fbcdn.net&_nc_cat=102&_nc_ohc=SiCgf5vzQFwAX8khmrm&edm=AOG-cTkBAAAA&ccb=7-5&oh=00_AfBVO8T4jKJPWy0-bNW8pFzygAvreIAeZPxWbM5Y9eLSrA&oe=6393C5AC&_nc_sid=282b66,false
9517167690,shaynesajad,shayne,https://scontent-ssn1-1.cdninstagram.com/v/t51.2885-19/44884218_345707102882519_2446069589734326272_n.jpg?_nc_ht=scontent-ssn1-1.cdninstagram.com&_nc_cat=1&_nc_ohc=uM88MCE8Dx4AX8TC5KX&edm=AEF8tYYBAAAA&ccb=7-5&ig_cache_key=YW5vbnltb3VzX3Byb2ZpbGVfcGlj.2-ccb7-5&oh=00_AfA5DZ87vUXg9A8On9GGAh0HuM1jRNBRwJGolMOoZhVjZw&oe=6394944F&_nc_sid=a9513d,false
23427181365,annaikamarie,Annaika;),https://instagram.fblr4-1.fna.fbcdn.net/v/t51.2885-19/297542252_1379214775903837_2269205678589900444_n.jpg?stp=dst-jpg_s150x150&_nc_ht=instagram.fblr4-1.fna.fbcdn.net&_nc_cat=101&_nc_ohc=B5phlO5LTOEAX86Uinh&edm=AOG-cTkBAAAA&ccb=7-5&oh=00_AfC_jvaEhp6vtEwnssK2VVT_YmdUhPVZENLd6fqqnBe-0A&oe=63950A76&_nc_sid=282b66,false
21270751582,arun.srinivasa,Arun Srinivasa,https://instagram.fblr4-1.fna.fbcdn.net/v/t51.2885-19/315449153_3363140793967369_6813140060882476738_n.jpg?stp=dst-jpg_s150x150&_nc_ht=instagram.fblr4-1.fna.fbcdn.net&_nc_cat=101&_nc_ohc=SYFGJJoYapQAX_yci6a&edm=AOG-cTkBAAAA&ccb=7-5&oh=00_AfCqDSmE8WapaF6b52i_xjKBFyBpFa6Xs0dJlDxwo5eflA&oe=63942ED8&_nc_sid=282b66,false
3525824482,yuvan_ks,yuvan ks,https://scontent-ssn1-1.cdninstagram.com/v/t51.2885-19/44884218_345707102882519_2446069589734326272_n.jpg?_nc_ht=scontent-ssn1-1.cdninstagram.com&_nc_cat=1&_nc_ohc=uM88MCE8Dx4AX8TC5KX&edm=AEF8tYYBAAAA&ccb=7-5&ig_cache_key=YW5vbnltb3VzX3Byb2ZpbGVfcGlj.2-ccb7-5&oh=00_AfA5DZ87vUXg9A8On9GGAh0HuM1jRNBRwJGolMOoZhVjZw&oe=6394944F&_nc_sid=a9513d,false
5321639308,karanjaykumarr,Karan Jaykumar,https://instagram.fblr4-3.fna.fbcdn.net/v/t51.2885-19/278550630_353895586783680_6864584576327287674_n.jpg?stp=dst-jpg_s150x150&_nc_ht=instagram.fblr4-3.fna.fbcdn.net&_nc_cat=100&_nc_ohc=hUNMzskuClAAX8zsY50&edm=AOG-cTkBAAAA&ccb=7-5&oh=00_AfAo06FpsP60lM-ZY5oK3MoEtug3t6zJpzsxEYjPFvpYdA&oe=6393EF5C&_nc_sid=282b66,false
3485421220,ramseykhatri,Ramsey Khatri,https://instagram.fblr4-4.fna.fbcdn.net/v/t51.2885-19/309024910_497553565201024_9218668101386000973_n.jpg?stp=dst-jpg_s150x150&_nc_ht=instagram.fblr4-4.fna.fbcdn.net&_nc_cat=104&_nc_ohc=pb4C8KpnnBIAX94G_RB&edm=AOG-cTkBAAAA&ccb=7-5&oh=00_AfDDjG-R7IOOPuIsFhp1N5bIxhCCFsQV2PtnDP1SCYQdCw&oe=6394EF8D&_nc_sid=282b66,false
12485494112,ytkyle_,Kyle Fn,https://instagram.fblr4-2.fna.fbcdn.net/v/t51.2885-19/230702215_883220822547391_4836931208020956273_n.jpg?stp=dst-jpg_s150x150&_nc_ht=instagram.fblr4-2.fna.fbcdn.net&_nc_cat=107&_nc_ohc=R50YknE2RKsAX_xgbbP&edm=AOG-cTkBAAAA&ccb=7-5&oh=00_AfAqARIUTmW17VCfACks-iAa97JMjbAsDoRByyEYcrE1sQ&oe=6394E121&_nc_sid=282b66,false
8579808474,shreeya.ram,shreeya,https://instagram.fblr4-4.fna.fbcdn.net/v/t51.2885-19/310615278_183336337586584_3131716067077991740_n.jpg?stp=dst-jpg_s150x150&_nc_ht=instagram.fblr4-4.fna.fbcdn.net&_nc_cat=104&_nc_ohc=0EHU0SHSqGQAX-k3mmf&edm=AOG-cTkBAAAA&ccb=7-5&oh=00_AfDiGYboejik8kDXSDruHX7ptHiPz_z1BSYWGnRaJVBbzA&oe=63948C21&_nc_sid=282b66,false
14726650272,ahaan_is_back,,https://scontent-ssn1-1.cdninstagram.com/v/t51.2885-19/44884218_345707102882519_2446069589734326272_n.jpg?_nc_ht=scontent-ssn1-1.cdninstagram.com&_nc_cat=1&_nc_ohc=uM88MCE8Dx4AX8TC5KX&edm=AEF8tYYBAAAA&ccb=7-5&ig_cache_key=YW5vbnltb3VzX3Byb2ZpbGVfcGlj.2-ccb7-5&oh=00_AfA5DZ87vUXg9A8On9GGAh0HuM1jRNBRwJGolMOoZhVjZw&oe=6394944F&_nc_sid=a9513d,false
5336993434,adriel_j_dsouza,Adriel,https://instagram.fblr4-2.fna.fbcdn.net/v/t51.2885-19/241432049_1030268421060871_107464440452254341_n.jpg?stp=dst-jpg_s150x150&_nc_ht=instagram.fblr4-2.fna.fbcdn.net&_nc_cat=107&_nc_ohc=p2MjgugrbKkAX_6rFCe&edm=AOG-cTkBAAAA&ccb=7-5&oh=00_AfDvP3SB6g-Ucq7HPABZgLy_mO6HFO630bPC8w-z5wCXEQ&oe=6394303D&_nc_sid=282b66,false
10874585045,w.i.p_work_progress,W.I.P,https://instagram.fblr4-2.fna.fbcdn.net/v/t51.2885-19/241569459_531126761521997_289868585500502197_n.jpg?stp=dst-jpg_s150x150&_nc_ht=instagram.fblr4-2.fna.fbcdn.net&_nc_cat=105&_nc_ohc=RjraNqp24e4AX8HbGQx&edm=AOG-cTkBAAAA&ccb=7-5&oh=00_AfCCmsi3sLcD8ndttC-gjxS2rnQGUmlwDDdaif_77R66uA&oe=63940637&_nc_sid=282b66,false
19045645113,dhanush.katamreddy,Dhanush,https://instagram.fblr4-2.fna.fbcdn.net/v/t51.2885-19/219436845_3480905025345199_3850842141755779229_n.jpg?stp=dst-jpg_s150x150&_nc_ht=instagram.fblr4-2.fna.fbcdn.net&_nc_cat=107&_nc_ohc=_bW7YMNLzowAX_qnwMs&edm=AOG-cTkBAAAA&ccb=7-5&oh=00_AfCUrOkIEIDW3GrTrFDKHYQaBoYweumnB3dL3sGqjtb7Dw&oe=6394F8F2&_nc_sid=282b66,false
17695789978,zara_spamzzzz_,zaza,https://instagram.fblr4-2.fna.fbcdn.net/v/t51.2885-19/312723606_673486964356553_3863176659384677397_n.jpg?stp=dst-jpg_s150x150&_nc_ht=instagram.fblr4-2.fna.fbcdn.net&_nc_cat=105&_nc_ohc=HezsqeU-mmsAX8xIadZ&edm=AOG-cTkBAAAA&ccb=7-5&oh=00_AfChgZep_59kPmnOo2Lz-8xL0WyAxaI09y9z2UmpJNSA_w&oe=6394D0F4&_nc_sid=282b66,false
10609702466,yashexists_,Yash:(,https://instagram.fblr4-5.fna.fbcdn.net/v/t51.2885-19/222859363_1054052965332539_6278696443825798698_n.jpg?stp=dst-jpg_s150x150&_nc_ht=instagram.fblr4-5.fna.fbcdn.net&_nc_cat=111&_nc_ohc=jDrPi38bQJoAX-iGxFK&edm=AOG-cTkBAAAA&ccb=7-5&oh=00_AfC--niJOBtqTnxH_LwGDW_4cbCTmk0UYoeT7aypn2Hf5Q&oe=6394BCCB&_nc_sid=282b66,false
10463994174,apurva.024,,https://instagram.fblr4-4.fna.fbcdn.net/v/t51.2885-19/317104759_466752045528424_1762906942348621445_n.jpg?stp=dst-jpg_s150x150&_nc_ht=instagram.fblr4-4.fna.fbcdn.net&_nc_cat=104&_nc_ohc=tPBrNOef5BYAX8xnuB-&edm=AOG-cTkBAAAA&ccb=7-5&oh=00_AfAoE7mZoRWR3HVjBxbBz5PnVEH4bpS62DTWvc60Gc2BOw&oe=63942232&_nc_sid=282b66,false
8377181575,zaraiva2004,Zara :),https://instagram.fblr4-5.fna.fbcdn.net/v/t51.2885-19/308943289_500163171605979_4473329240672788315_n.jpg?stp=dst-jpg_s150x150&_nc_ht=instagram.fblr4-5.fna.fbcdn.net&_nc_cat=103&_nc_ohc=K7mtDhXXtHAAX9rD6Si&edm=AOG-cTkBAAAA&ccb=7-5&oh=00_AfAWhmrCy7TVbdbtkwHdmH-pN8IRZVgsb3pXMRX2aVhdwg&oe=63938C3E&_nc_sid=282b66,false
3111075350,falak.shahhh,Falak,https://instagram.fblr4-5.fna.fbcdn.net/v/t51.2885-19/238559305_1657737981283287_1171029175832946932_n.jpg?stp=dst-jpg_s150x150&_nc_ht=instagram.fblr4-5.fna.fbcdn.net&_nc_cat=103&_nc_ohc=Go3DpC7_0KAAX_xHHsN&edm=AOG-cTkBAAAA&ccb=7-5&oh=00_AfAYA8rHyPjd-rTjjnpD-JjeMp5zw0jFWhX6duA19rv07A&oe=63934D4C&_nc_sid=282b66,false
6132909416,prakruthi_1662,prakruthi,https://instagram.fblr4-5.fna.fbcdn.net/v/t51.2885-19/313280907_169441342405139_518877981545116718_n.jpg?stp=dst-jpg_s150x150&_nc_ht=instagram.fblr4-5.fna.fbcdn.net&_nc_cat=111&_nc_ohc=as6Jn4O9p8AAX-6hblg&edm=AOG-cTkBAAAA&ccb=7-5&oh=00_AfBsYhaKHxYP7a6e-uBGsH1JDQuzz4pdN2KK3qTPLFV45A&oe=6394217B&_nc_sid=282b66,false
4224082885,vikram_036,vikram,https://instagram.fblr4-3.fna.fbcdn.net/v/t51.2885-19/310433750_185601093979473_3292558391381554514_n.jpg?stp=dst-jpg_s150x150&_nc_ht=instagram.fblr4-3.fna.fbcdn.net&_nc_cat=109&_nc_ohc=T4Zg-wzk1oAAX8o758V&edm=AOG-cTkBAAAA&ccb=7-5&oh=00_AfCI1GWRAXwRwZU3nsoUIsbjvHYqeSB__J9KEcoiKKKDUQ&oe=639372C1&_nc_sid=282b66,false
12406770934,_laura.vinny_,Laura Vinny,https://instagram.fblr4-1.fna.fbcdn.net/v/t51.2885-19/302483814_1682718565462105_2273157494653991845_n.jpg?stp=dst-jpg_s150x150&_nc_ht=instagram.fblr4-1.fna.fbcdn.net&_nc_cat=101&_nc_ohc=ctSoGZDlb9AAX_xRsLC&tn=FhJtjmBC5OIOZmJj&edm=AOG-cTkBAAAA&ccb=7-5&oh=00_AfBiLtp8o1YahbNSrOOQyL68QoBsPJ50a5szhBAl0vuplQ&oe=63948D2F&_nc_sid=282b66,false
14934728727,samreensaleel,sam‚ú®,https://instagram.fblr4-5.fna.fbcdn.net/v/t51.2885-19/298296987_439688591440647_1077975574833586929_n.jpg?stp=dst-jpg_s150x150&_nc_ht=instagram.fblr4-5.fna.fbcdn.net&_nc_cat=103&_nc_ohc=oTduTsAcjl0AX-wf1h_&edm=AOG-cTkBAAAA&ccb=7-5&oh=00_AfB_JDmxNI3RUbBWi4SE_aNQhJW5-mNZnraelU0Ng0Tdng&oe=63942DB1&_nc_sid=282b66,false
6157615499,kyle1203006,Mikhail:),https://instagram.fblr4-3.fna.fbcdn.net/v/t51.2885-19/270202456_949969332283929_3380675580515802622_n.jpg?stp=dst-jpg_s150x150&_nc_ht=instagram.fblr4-3.fna.fbcdn.net&_nc_cat=109&_nc_ohc=Eyf8bax1pZgAX-HMJUW&edm=AOG-cTkBAAAA&ccb=7-5&oh=00_AfCrjYYcJBJjgTs6O9A05ElF2Kr-V6Qfsy0Q0xGC2cK-Ew&oe=63947BB9&_nc_sid=282b66,false
7628004757,daniel_daniel9789,Daniel,https://instagram.fblr4-2.fna.fbcdn.net/v/t51.2885-19/69712714_2348732935395778_5683889058724446208_n.jpg?stp=dst-jpg_s150x150&_nc_ht=instagram.fblr4-2.fna.fbcdn.net&_nc_cat=110&_nc_ohc=HhouI4TTof0AX-axVwj&edm=AOG-cTkBAAAA&ccb=7-5&oh=00_AfAujC8Gn7rqyoPtccqTftN7D0MFQbSvbUps4Wve7tGw7g&oe=63947D9B&_nc_sid=282b66,false
9156208214,sara.chughh,sara <3,https://instagram.fblr4-3.fna.fbcdn.net/v/t51.2885-19/317249728_193455666505269_1352685127160545926_n.jpg?stp=dst-jpg_s150x150&_nc_ht=instagram.fblr4-3.fna.fbcdn.net&_nc_cat=109&_nc_ohc=cceXJa73fOoAX_iaQOc&edm=AOG-cTkBAAAA&ccb=7-5&oh=00_AfBGBQdrtbP5Hh4xDkktKPSJbZU7_9O073EWa4uYEeNwhg&oe=6393BFAF&_nc_sid=282b66,false
