amara.s09|1
gian_adri|1
ryan.e_25|1
siddhantnavaratnalol|1
bangalore_intl_confessions|-1
ib_dp_memes|1
sar__priv2|0
lalalpaul699|0
_.notaanya|0
ibchemistryexaminers|1
sarazar243|1
adeev1515|0
neeltheplanegeek|0
jiyakbhatia|0
tahiractually|0
aavnibopanna|0
manyasokhanda|0
its_just_ruhan|0
aanya__yn|0
anshul_somaiaah|-1
harinis.85|0
rytzieee_241|0
shivani_ramesh645|0
kushal.katamreddy|-1
riyah_privacc|0
anshumangiri12345|0
arnavrma|0
ovfireandthevoid26|0
yasmeenzaria|0
kritin_rautela|0
_.mayyyyy.__|0
lakshia_09|0
nightcurry_30|0
ajmigol_reee|0
bella_brown_here|0
ahmed.eth.19|0
_.ulunn._|0
pragnyachoudri|0
aadhi_luvs_megadeth|0
ibdpstudents|1
kim_d121|0
rayna.a.r|0
infinityandbeyond_005|0
arcane.0001|0
axl3xx|0
aditiac94|0
rayna_ali16|0
agasthya_gowda24|0
ruhan_adri|0
annaikamarie|-1
aaravgoyal_1409|-1
m_0nish|0
shambbhavi_07|-1
vibodh2006|0
mia.r04|1
dhruv__.896|0
mitalin2005|0
srilaxman.thiru|1
anahita.bagrodia|-1
anarghya.gupta|-1
afann.khan|0
_farhaan_l|0
rabona_dt|0
dhanush.katamreddy|0
optima42069|1
rishon_g_a|0
alyssamc_11|0
chiragarcot|0
shaynesajad|0
darsh00_|0
divit_1157|0
kritica.menon|0
pptiiq|0
parinita_gaur|0
christeensdump|0
nuha.ameera2007|0
tanvi_anthony|0
adriel_j_dsouza|0
ryan_priv279|-1
ibmememesworldwide|1
smart_ib_memes_|1
ib_elite_academy|1
abhir_13_|0
just_aryy12|0
arjun_kartikk|0
viha.vohra|0
parthius_2005|0
eeksha26|0
cslauncher397|0
sans.archives|1
trisha.lad|0
srilaxman.priv|0
siyabajaj12|0
ahaan_013|0
shreeya.ram|0
vikram_036|0
samreensaleel|0
souiovr|0
tanya_vshivakumar|0
infinitysquare_007|0
zara_g_10|0
mish4kaushik|0
ahmed_._19.1|0
advait.kalayil|0
aryanb_x|0
npsjpnagar|-1
tamaki.circleoflife|0
humansh__|0
shivs_isnt_here|0
annarosecolin|0
_annaika_2005|0
jayin._.khatri|1
sanram2006|0
aryaa.gurjar|1
m3h.3r|0
jordan_menzel5|1
simranmehraa|0
ramseykhatri|-1
zaraiva2004|0
brinda_2345|0
krisa.bharath|0
saakshi003|0
shanti2_|0
saramukundan|0
shravansarvesh7|0
amartya_174|0
saisha_sreedharan|0
vdeefef|1
avnimarda|0
mehak.kapoor777|0
falak.shahhh|0
prakruthi_1662|0
calvinrozario|0
anoushka1231|0
sanas.ag|1
shawnsajad|0
tashalukose|1
kaileymalini|0
anaika.knowme|0
kavi___t|0
_joannashields_|0
mr._levi_ackerman|0
tigerlily.paris|0
akheehla|0
a.ksht|0
aashispamz|0
saniyabhatia11|0
annie_roy0603|0
_anna.sketches_|1
608.yub|0
sankhalina.parasar|0
tanisha_denson06|0
sohail_47632|-1
theartbox_store|1
w.i.p_work_progress|1
somesh.gxg|0
rubinaaebert|0
akshay_aj31|0
layanambiar|0
zohrazaidi29|0
an4gha_19|1
aashimenon|-1
mariaelysian|-1
mmrakshan|-1
sharon_dsouza_09|-1
sanjuuu_rox06|-1
manushridhanakoti|-1
paashi97|-1
giannah.mahtaniii|-1
gattalovesumnams|-1
shoshanna.23|-1
broimlosingitdude|-1
shaunmoses_23|-1
archie._.poodle|-1
divyajain_170476|-1
adhya_satish|-1
siddhantnavaratna07|-1
kyle1203006|-1
agastya_arasu|-1
sl.was.for.vp|-1
mammenkeya|-1
dhriti.b|-1
amogh989|-1
ahanmalli|-1
yogi_yogi__|-1
aashna994|-1
naomimatheww|-1
rohaanabraham|-1
adriannomi|-1
lal_aspammmmm|-1
saanvirathi_|-1
dhanishka.k|-1
leiacariappa|-1
anahita_misra|-1
yohansanjit08|-1
a.yee.sha|-1
_laura.vinny_|-1
swarthegoose_dora|-1
emmavd2k|-1
yash0204|-1
abh1nav7|-1
rytzie_art_music|-1
zara_spamzzzz_|-1
daniel_daniel9789|-1
adviikk._|-1
tanishak06|-1
shreks.baee|-1
ruhan_malli|-1
yaboi_hassan|-1
chimpbeast_17|-1
maya_kapu|-1
samar_y132|-1
ryan_official2904|-1
amanajay_2004|-1
akhilgidugu|-1
aanyajakaty|-1
_niharika.amtee|-1
deadpool009_900|-1
ethanlekh|-1
nirvana.sachin|-1
sahil_syed_|-1
aaravgoyal_2|-1
taranavirus|-1
riyah_makingachange|-1
vnsr_21|-1
riyah_private|-1
aadichaudhry11|-1
darthvider98|-1
_.krishnara._|-1
jee_bop|-1
nila_aravindan|-1
buttercupkiykat_80|-1
anika_2816|-1
mehatt_|-1
duke.salty.salt|-1
capybara_from_wish|-1
ray_privvacc|-1
fah_lalitpun.k3|-1
barbietopg|-1
every.boy.crys|-1
photographybyswarnika|-1
kashvi_shervegar|-1
saanvii.08|-1
poojamahensaria|-1
oheil.n|-1
minjae8023|-1
kaneekagursahani|-1
soumya_707|-1
yaswanth_618|-1
arkarajchatterjee|-1
samanvita.devi|-1
abhinav.senthil|-1
vivhimself|-1
amani_4750|-1
anikalanaa|-1
mishrapraneel|-1
aadityagurjer007|-1
hepsibahjoey|-1
rida_ali04|-1
xxrush31xx|-1
_singhkhyati|-1
tristinrenes|-1
vayacado|-1
ranee.bajaj|-1
saanika.c|-1
kiara_kingston_|-1
joshuaisuwu|-1
meghu538|-1
derob385|-1
_nainika.c_|-1
justnotyvhn|-1
harsh_agarwal66|-1
aarav_reddye|-1
creditap.ai|-1
aavni.privv|-1
hannah.meyn|-1
tznmanzr|-1
sunayanaanju_26|-1
millie.rao|-1
juhi_shahh|-1
click_with_anahita|-1
